epoch,d_loss,g_loss,classification_weight,proximity_weight,sparsity_weight,group_sparsity_weight,diversity_weight,margin_validity,margin_validity_disease_to_no_disease,margin_validity_no_disease_to_disease,proximity,constraint_validity,selection_score
1,0.6391309082508088,24.79470624923706,8.0,0.04,0.01,0.0,0.0,0.6484375,0.6328125,0.6640625,0.14281687140464783,1.0,0.8412966564297676
2,0.538938795030117,3.5682284355163576,8.0,0.04,0.01,0.0,0.0,0.78515625,0.6796875,0.890625,0.13596254587173462,1.0,0.9783581227064132
3,0.49748657941818236,2.0494033217430117,8.0,0.04,0.01,0.0,0.0,0.8359375,0.7890625,0.8828125,0.12619460374116898,1.0,1.0296277698129415
4,0.5854843705892563,1.3736001431941987,8.0,0.04,0.01,0.0,0.0,0.83984375,0.8828125,0.796875,0.12279634922742844,1.0,1.0337039325386286
5,0.6636042922735215,1.2762202501296998,8.0,0.04,0.01,0.0,0.0,0.875,0.8515625,0.8984375,0.1350262686610222,1.0,1.068248686566949
6,0.6005155831575394,1.1982652217149734,8.0,0.04,0.01,0.0,0.0,0.8984375,0.890625,0.90625,0.1406954675912857,1.0,1.0914027266204356
7,0.5414463624358177,1.16412613093853,8.0,0.04,0.01,0.0,0.0,0.93359375,0.890625,0.9765625,0.14537352323532104,1.0,1.126325073838234
8,0.5543489024043083,1.2902436345815658,8.0,0.04,0.01,0.0,0.0,0.80078125,1.0,0.6015625,0.14130452275276184,1.0,0.9937160238623619
9,0.5527570813894271,1.2282604634761811,8.0,0.04,0.01,0.0,0.0,0.85546875,0.9609375,0.75,0.15392575412988663,1.0,1.0477724622935056
10,0.48774503916502,1.155538210272789,8.0,0.04,0.01,0.0,0.0,0.8203125,0.953125,0.6875,0.17017468810081482,1.0,1.0118037655949592
11,0.5134762898087502,1.2115168392658233,8.0,0.04,0.01,0.0,0.0,0.82421875,0.984375,0.6640625,0.16088251769542694,1.0,1.0161746241152285
12,0.5025679022073746,1.2393213272094727,8.0,0.04,0.01,0.0,0.0,0.81640625,0.9921875,0.640625,0.14133873581886292,1.0,1.009339313209057
13,0.48363934010267257,1.0883722811937333,8.0,0.04,0.01,0.0,0.0,0.93359375,0.9921875,0.875,0.1778196543455124,1.0,1.1247027672827243
14,0.5408010020852089,1.0621973991394043,8.0,0.04,0.01,0.0,0.0,0.921875,0.8671875,0.9765625,0.1806740164756775,1.0,1.112841299176216
15,0.5592088773846626,1.1817637175321578,8.0,0.04,0.01,0.0,0.0,0.890625,0.984375,0.796875,0.19393575191497803,1.0,1.080928212404251
16,0.5420539900660515,1.1464955031871795,8.0,0.04,0.01,0.0,0.0,0.88671875,0.9765625,0.796875,0.1873922049999237,1.0,1.0773491397500037
17,0.5612347334623337,1.116858294606209,8.0,0.04,0.01,0.0,0.0,0.87890625,0.7578125,1.0,0.21414756774902344,1.0,1.0681988716125488
18,0.5558327347040176,1.2181171536445619,8.0,0.04,0.01,0.0,0.0,0.98046875,0.984375,0.9765625,0.2028539925813675,1.0,1.1703260503709316
19,0.5443107157945632,1.230744206905365,8.0,0.04,0.01,0.0,0.0,0.93359375,1.0,0.8671875,0.20363016426563263,1.0,1.1234122417867183
20,0.5141071602702141,1.1571629345417023,8.0,0.04,0.01,0.0,0.0,0.8828125,1.0,0.765625,0.1883721649646759,1.0,1.0733938917517662
21,0.5128853514790535,1.1274801731109618,8.0,0.04,0.01,0.0,0.0,0.8984375,1.0,0.796875,0.20551838725805283,1.0,1.0881615806370972
22,0.4949355944991112,1.0910995244979858,8.0,0.04,0.01,0.0,0.0,0.95703125,1.0,0.9140625,0.2079825922846794,1.0,1.146632120385766
23,0.4969881266355515,1.2193201512098313,8.0,0.04,0.01,0.0,0.0,0.94921875,1.0,0.8984375,0.20488473027944565,1.0,1.1389745134860276
24,0.5068776056170463,1.1419075727462769,8.0,0.04,0.01,0.0,0.0,0.95703125,0.9921875,0.921875,0.18405559659004211,1.0,1.147828470170498
25,0.5051007315516471,1.1297201812267303,8.0,0.04,0.01,0.0,0.0,0.88671875,0.9921875,0.78125,0.1979934647679329,1.0,1.0768190767616033
26,0.4885096251964569,1.0513726830482484,8.0,0.04,0.01,0.0,0.0,0.953125,0.9375,0.96875,0.1967695653438568,1.0,1.1432865217328072
27,0.5098389759659767,1.1547023743391036,8.0,0.04,0.01,0.0,0.0,0.90234375,1.0,0.8046875,0.1947728544473648,1.0,1.0926051072776317
28,0.4995219498872757,1.1756718546152114,8.0,0.04,0.01,0.0,0.0,0.89453125,0.9921875,0.796875,0.19108650088310242,1.0,1.0849769249558447
29,0.5184883132576943,1.1452854990959167,8.0,0.04,0.01,0.0,0.0,0.96875,0.953125,0.984375,0.18149202316999435,1.0,1.1596753988415003
30,0.5116754710674286,1.0754715353250504,8.0,0.04,0.01,0.0,0.0,0.91796875,1.0,0.8359375,0.2120690867304802,1.0,1.1073652956634759
31,0.5219492614269257,1.1919813305139542,8.022222222222222,0.04088888888888889,0.0105,0.0008333333333333334,0.00044444444444444447,0.96875,0.9921875,0.9453125,0.1656670868396759,1.0,1.1604666456580162
32,0.5499552145600319,1.1661723017692567,8.044444444444444,0.04177777777777778,0.011000000000000001,0.0016666666666666668,0.0008888888888888889,0.875,1.0,0.75,0.19359492510557175,1.0,1.0653202537447213
33,0.5321565195918083,1.0978790193796157,8.066666666666666,0.042666666666666665,0.0115,0.0025,0.0013333333333333333,0.9609375,0.9921875,0.9296875,0.16348621249198914,1.0,1.1527631893754005
34,0.5167732298374176,1.1388665676116942,8.088888888888889,0.043555555555555556,0.012,0.0033333333333333335,0.0017777777777777779,0.93359375,0.9921875,0.875,0.19047854095697403,1.0,1.1240698229521513
35,0.5404239743947983,1.1146628916263581,8.11111111111111,0.044444444444444446,0.0125,0.004166666666666667,0.0022222222222222222,0.86328125,0.984375,0.7421875,0.17457181215286255,1.0,1.0545526593923569
36,0.5307746455073357,1.051786532998085,8.133333333333333,0.04533333333333334,0.013000000000000001,0.005,0.0026666666666666666,0.9765625,0.9765625,0.9765625,0.21094807982444763,1.0,1.1660150960087776
37,0.49285598248243334,1.061472734808922,8.155555555555555,0.04622222222222222,0.013500000000000002,0.005833333333333334,0.0031111111111111114,0.85546875,0.9921875,0.71875,0.15804306417703629,1.0,1.047566596791148
38,0.5572045385837555,1.1225180804729462,8.177777777777777,0.04711111111111111,0.014000000000000002,0.006666666666666667,0.0035555555555555557,0.84375,0.9921875,0.6953125,0.1990152969956398,1.0,1.0337992351502179
39,0.5024051010608673,1.0954378694295883,8.2,0.048,0.0145,0.0075,0.004,0.91015625,0.9453125,0.875,0.16396140307188034,1.0,1.101958179846406
40,0.5337393432855606,1.0496969312429427,8.222222222222221,0.04888888888888889,0.015,0.008333333333333333,0.0044444444444444444,0.94140625,0.921875,0.9609375,0.2080131247639656,1.0,1.1310055937618018
41,0.5290991798043251,1.186038714647293,8.244444444444444,0.04977777777777778,0.0155,0.009166666666666667,0.004888888888888889,0.88671875,0.9921875,0.78125,0.16029682010412216,1.0,1.0787039089947938
42,0.5401148438453675,1.1778657644987107,8.266666666666667,0.050666666666666665,0.016,0.01,0.005333333333333333,0.90625,0.8203125,0.9921875,0.19183993339538574,1.0,1.0966580033302307
43,0.48411424458026886,1.1304145187139512,8.28888888888889,0.051555555555555556,0.0165,0.010833333333333332,0.0057777777777777775,0.8203125,0.9921875,0.6484375,0.177068829536438,0.99609375,1.010677808523178
44,0.5063193053007126,1.0936372458934784,8.311111111111112,0.052444444444444446,0.017,0.011666666666666667,0.006222222222222223,0.9140625,0.8359375,0.9921875,0.18859782814979553,1.0,1.1046326085925102
45,0.5206650495529175,1.190386739373207,8.333333333333334,0.05333333333333333,0.0175,0.012499999999999999,0.006666666666666666,0.91796875,0.9921875,0.84375,0.1868809387087822,1.0,1.1086247030645608
46,0.5204943791031837,1.167945858836174,8.355555555555556,0.05422222222222223,0.018000000000000002,0.013333333333333334,0.0071111111111111115,0.953125,0.9921875,0.9140625,0.18411065638065338,1.0,1.1439194671809674
47,0.48167666643857954,1.1101379841566086,8.377777777777778,0.05511111111111111,0.018500000000000003,0.014166666666666666,0.007555555555555556,0.984375,1.0,0.96875,0.18384823203086853,1.0,1.1751825883984566
48,0.4910117626190186,1.1143090814352035,8.4,0.056,0.019000000000000003,0.015,0.008,0.9765625,0.9921875,0.9609375,0.1730644702911377,1.0,1.167909276485443
49,0.4772588789463043,1.1112687200307847,8.422222222222222,0.05688888888888889,0.019500000000000003,0.01583333333333333,0.008444444444444445,0.98046875,0.96875,0.9921875,0.18933924287557602,1.0,1.171001787856221
50,0.49495719075202943,1.2182222664356233,8.444444444444445,0.057777777777777775,0.02,0.016666666666666666,0.008888888888888889,0.8984375,1.0,0.796875,0.17022736370563507,1.0,1.0899261318147182
51,0.487353141605854,1.2134447425603867,8.466666666666667,0.05866666666666667,0.0205,0.017499999999999998,0.009333333333333334,0.97265625,0.9453125,1.0,0.17592686414718628,1.0,1.1638599067926407
52,0.49594125598669053,1.1585811108350754,8.488888888888889,0.059555555555555556,0.021,0.018333333333333333,0.009777777777777778,0.859375,0.9921875,0.7265625,0.1587078645825386,1.0,1.0514396067708731
53,0.4649263575673103,1.044839194417,8.511111111111111,0.06044444444444444,0.0215,0.019166666666666665,0.010222222222222221,0.8984375,0.796875,1.0,0.18248897045850754,1.0,1.0893130514770746
54,0.4914473220705986,1.2147793531417848,8.533333333333333,0.06133333333333334,0.022000000000000002,0.02,0.010666666666666666,0.9453125,0.9921875,0.8984375,0.1398201435804367,1.0,1.1383214928209782
55,0.4957063436508179,1.1144834280014038,8.555555555555555,0.06222222222222222,0.022500000000000003,0.020833333333333332,0.011111111111111112,0.953125,1.0,0.90625,0.1739654466509819,1.0,1.144426727667451
56,0.4931222528219223,1.1544441282749176,8.577777777777778,0.06311111111111112,0.023,0.021666666666666664,0.011555555555555555,0.91015625,1.0,0.8203125,0.14188658446073532,1.0,1.1030619207769632
57,0.49535121768713,1.1490829974412917,8.6,0.064,0.0235,0.0225,0.012,0.94921875,1.0,0.8984375,0.16214265674352646,1.0,1.1411116171628237
58,0.48352000415325164,1.2263842314481734,8.622222222222222,0.06488888888888888,0.024,0.023333333333333334,0.012444444444444445,0.9453125,1.0,0.890625,0.13787277042865753,1.0,1.138418861478567
59,0.4834002822637558,1.2479945957660674,8.644444444444444,0.06577777777777778,0.0245,0.024166666666666666,0.01288888888888889,0.90625,0.9921875,0.8203125,0.1666344776749611,1.0,1.0979182761162518
60,0.48879960626363755,1.215429073572159,8.666666666666666,0.06666666666666667,0.025,0.024999999999999998,0.013333333333333332,0.97265625,0.9609375,0.984375,0.1421077698469162,1.0,1.1655508615076542
61,0.453164678812027,1.098727023601532,8.688888888888888,0.06755555555555556,0.025500000000000002,0.025833333333333333,0.013777777777777778,0.890625,1.0,0.78125,0.16796566545963287,1.0,1.0822267167270183
62,0.49016185402870177,1.2822263181209563,8.71111111111111,0.06844444444444445,0.026000000000000002,0.02666666666666667,0.014222222222222223,0.96875,1.0,0.9375,0.13190269470214844,1.0,1.1621548652648925
63,0.495369853079319,1.1197648376226426,8.733333333333333,0.06933333333333333,0.026500000000000003,0.027499999999999997,0.014666666666666666,0.8359375,1.0,0.671875,0.18886807560920715,1.0,1.0264940962195397
64,0.4944205805659294,1.2784694224596023,8.755555555555556,0.07022222222222223,0.027000000000000003,0.028333333333333332,0.015111111111111112,0.9765625,0.9921875,0.9609375,0.1323418915271759,1.0,1.1699454054236411
65,0.47099301367998125,1.1785775750875473,8.777777777777779,0.07111111111111111,0.027500000000000004,0.029166666666666667,0.015555555555555557,0.6640625,1.0,0.328125,0.16679945588111877,1.0,0.855722527205944
66,0.4731143057346344,1.2205316364765166,8.8,0.07200000000000001,0.028000000000000004,0.03,0.016,0.99609375,1.0,0.9921875,0.1312495619058609,1.0,1.1895312719047069
67,0.4502223715186119,1.0760389685630798,8.822222222222223,0.07288888888888889,0.028500000000000004,0.03083333333333333,0.016444444444444446,0.76953125,1.0,0.5390625,0.1779349520802498,1.0,0.9606345023959875
68,0.46229511201381684,1.2357433825731277,8.844444444444445,0.07377777777777778,0.029000000000000005,0.03166666666666666,0.01688888888888889,0.98828125,0.984375,0.9921875,0.13193294405937195,1.0,1.1816846027970314
69,0.49789020866155625,1.1835316300392151,8.866666666666667,0.07466666666666667,0.029500000000000005,0.0325,0.017333333333333336,0.80859375,1.0,0.6171875,0.17126284539699554,1.0,1.0000306077301502
70,0.45485492050647736,1.2458888351917268,8.88888888888889,0.07555555555555556,0.03,0.03333333333333333,0.017777777777777778,0.984375,0.9921875,0.9765625,0.1267625354230404,1.0,1.178036873228848
71,0.47129215598106383,1.1615383803844452,8.911111111111111,0.07644444444444445,0.0305,0.034166666666666665,0.018222222222222223,0.71484375,1.0,0.4296875,0.1814878284931183,1.0,0.905769358575344
72,0.47053391486406326,1.252699437737465,8.933333333333334,0.07733333333333334,0.031,0.034999999999999996,0.018666666666666668,0.94921875,1.0,0.8984375,0.13866180181503296,1.0,1.1422856599092484
73,0.4636827364563942,1.143949255347252,8.955555555555556,0.07822222222222222,0.03150000000000001,0.035833333333333335,0.019111111111111113,0.984375,1.0,0.96875,0.16648226231336594,1.0,1.1760508868843316
74,0.4611370891332626,1.2676115483045578,8.977777777777778,0.0791111111111111,0.032,0.03666666666666667,0.019555555555555555,0.8359375,1.0,0.671875,0.13669943809509277,1.0,1.0291025280952453
75,0.4795531123876572,1.2170884430408477,9.0,0.08,0.0325,0.0375,0.02,0.9921875,1.0,0.984375,0.15085773169994354,1.0,1.1846446134150028
76,0.48176968693733213,1.1829593181610107,9.022222222222222,0.08088888888888889,0.033,0.03833333333333333,0.020444444444444442,0.953125,0.9921875,0.9140625,0.14960582554340363,1.0,1.1456447087228299
77,0.4697807773947716,1.1772799789905548,9.044444444444444,0.08177777777777778,0.0335,0.03916666666666667,0.02088888888888889,0.99609375,1.0,0.9921875,0.17585375905036926,1.0,1.1873010620474815
78,0.46485842317342757,1.2490668326616288,9.066666666666666,0.08266666666666667,0.034,0.04,0.021333333333333333,0.72265625,1.0,0.4453125,0.13659890741109848,1.0,0.915826304629445
79,0.458008798956871,1.1275897294282913,9.088888888888889,0.08355555555555555,0.0345,0.040833333333333326,0.021777777777777778,0.99609375,1.0,0.9921875,0.17613757401704788,1.0,1.1872868712991476
80,0.43448829352855683,1.1759300142526627,9.11111111111111,0.08444444444444445,0.035,0.041666666666666664,0.022222222222222223,0.9765625,1.0,0.953125,0.13770417869091034,1.0,1.1696772910654545
81,0.4490009814500809,1.1240919649600982,9.133333333333333,0.08533333333333333,0.035500000000000004,0.042499999999999996,0.022666666666666665,0.9921875,1.0,0.984375,0.17163465172052383,1.0,1.1836057674139737
82,0.4524918496608734,1.2417643189430236,9.155555555555555,0.08622222222222223,0.036000000000000004,0.04333333333333333,0.02311111111111111,0.99609375,1.0,0.9921875,0.13189532607793808,1.0,1.189498983696103
83,0.424607814848423,1.1577672511339188,9.177777777777777,0.08711111111111111,0.036500000000000005,0.04416666666666667,0.023555555555555555,0.91796875,1.0,0.8359375,0.1672460064291954,1.0,1.1096064496785403
84,0.47885867953300476,1.304939866065979,9.2,0.088,0.037000000000000005,0.045,0.024,0.984375,1.0,0.96875,0.13823629915714264,1.0,1.1774631850421429
85,0.4402300760149956,1.1228560835123063,9.222222222222221,0.08888888888888889,0.037500000000000006,0.04583333333333334,0.024444444444444446,0.953125,1.0,0.90625,0.1570717617869377,1.0,1.145271411910653
86,0.44063426554203033,1.2004146367311477,9.244444444444444,0.08977777777777779,0.038000000000000006,0.04666666666666667,0.02488888888888889,0.98828125,1.0,0.9765625,0.16750343888998032,1.0,1.1799060780555009
87,0.47606747299432756,1.2625212520360947,9.266666666666666,0.09066666666666667,0.0385,0.047499999999999994,0.025333333333333333,0.99609375,0.9921875,1.0,0.1522911787033081,1.0,1.1884791910648345
88,0.45026523619890213,1.2603001117706298,9.28888888888889,0.09155555555555556,0.03900000000000001,0.04833333333333333,0.02577777777777778,0.9921875,1.0,0.984375,0.1759825274348259,1.0,1.1833883736282587
89,0.43096792250871657,1.1896537959575653,9.311111111111112,0.09244444444444444,0.0395,0.049166666666666664,0.026222222222222223,1.0,1.0,1.0,0.1442238688468933,1.0,1.1927888065576553
90,0.4680312484502792,1.2914115816354752,9.333333333333334,0.09333333333333332,0.04,0.049999999999999996,0.026666666666666665,0.99609375,1.0,0.9921875,0.17841403186321259,1.0,1.1871730484068392
91,0.4726776987314224,1.3316979825496673,9.355555555555556,0.09422222222222223,0.04050000000000001,0.050833333333333335,0.027111111111111114,0.99609375,0.9921875,1.0,0.14953124523162842,1.0,1.1886171877384186
92,0.45221820920705796,1.2837961703538894,9.377777777777778,0.09511111111111112,0.041,0.051666666666666666,0.027555555555555555,0.80859375,1.0,0.6171875,0.187673881649971,1.0,0.9992100559175014
93,0.4156363606452942,1.2647615224123,9.4,0.096,0.0415,0.0525,0.027999999999999997,1.0,1.0,1.0,0.13851571828126907,1.0,1.1930742140859365
94,0.4505714476108551,1.2733702063560486,9.422222222222222,0.09688888888888889,0.04200000000000001,0.05333333333333334,0.028444444444444446,0.84765625,1.0,0.6953125,0.17534883320331573,1.0,1.0388888083398342
95,0.4397468835115433,1.2733594596385955,9.444444444444445,0.09777777777777777,0.0425,0.05416666666666666,0.028888888888888888,1.0,1.0,1.0,0.14862585067749023,1.0,1.1925687074661255
96,0.4164374455809593,1.2142537176609038,9.466666666666667,0.09866666666666667,0.043000000000000003,0.05499999999999999,0.029333333333333333,0.82421875,1.0,0.6484375,0.1715787947177887,1.0,1.0156398102641104
97,0.4522770017385483,1.2934623897075652,9.488888888888889,0.09955555555555556,0.043500000000000004,0.05583333333333333,0.029777777777777778,1.0,1.0,1.0,0.15274445712566376,1.0,1.1923627771437169
98,0.41317379027605056,1.186208936572075,9.511111111111111,0.10044444444444445,0.044000000000000004,0.056666666666666664,0.030222222222222223,0.9453125,1.0,0.890625,0.18119174987077713,1.0,1.136252912506461
99,0.42595000863075255,1.1640107214450837,9.533333333333333,0.10133333333333333,0.04450000000000001,0.0575,0.03066666666666667,0.99609375,1.0,0.9921875,0.13534892350435257,1.0,1.1893263038247823
100,0.41142338141798973,1.1527177542448044,9.555555555555555,0.10222222222222223,0.045000000000000005,0.058333333333333334,0.031111111111111114,1.0,1.0,1.0,0.17268097400665283,1.0,1.1913659512996673
101,0.4806986331939697,1.3775558471679688,9.577777777777778,0.1031111111111111,0.045500000000000006,0.05916666666666666,0.03155555555555555,0.99609375,0.9921875,1.0,0.13694395124912262,1.0,1.1892465524375437
102,0.42211707681417465,1.181025531888008,9.6,0.10400000000000001,0.046000000000000006,0.06,0.032,0.98828125,1.0,0.9765625,0.1876746341586113,1.0,1.1788975182920693
103,0.415412662923336,1.2955527693033217,9.622222222222222,0.10488888888888889,0.04650000000000001,0.06083333333333333,0.03244444444444444,0.98828125,1.0,0.9765625,0.1434846818447113,1.0,1.1811070159077643
104,0.4483881503343582,1.2202384918928146,9.644444444444444,0.10577777777777778,0.04700000000000001,0.06166666666666666,0.03288888888888889,0.984375,0.96875,1.0,0.1932259052991867,1.0,1.1747137047350407
105,0.4334175676107407,1.2894151210784912,9.666666666666666,0.10666666666666666,0.04750000000000001,0.0625,0.03333333333333333,0.9921875,1.0,0.984375,0.14069044589996338,1.0,1.1851529777050018
106,0.43209198564291,1.1994921118021011,9.688888888888888,0.10755555555555557,0.04800000000000001,0.06333333333333332,0.03377777777777778,0.9765625,0.9609375,0.9921875,0.19464968889951706,1.0,1.1668300155550242
107,0.43336711823940277,1.3023013651371003,9.71111111111111,0.10844444444444445,0.0485,0.06416666666666666,0.03422222222222222,0.99609375,0.9921875,1.0,0.1502070426940918,1.0,1.1885833978652953
108,0.4700048595666885,1.2234450280666351,9.733333333333334,0.10933333333333334,0.04900000000000001,0.065,0.03466666666666667,0.99609375,0.9921875,1.0,0.20113690197467804,1.0,1.186036904901266
109,0.4185343474149704,1.2477231323719025,9.755555555555556,0.11022222222222222,0.04950000000000001,0.06583333333333333,0.035111111111111114,1.0,1.0,1.0,0.15440733730793,1.0,1.1922796331346035
110,0.4220874086022377,1.2106154620647431,9.777777777777779,0.1111111111111111,0.05,0.06666666666666667,0.035555555555555556,1.0,1.0,1.0,0.19389347732067108,1.0,1.1903053261339664
111,0.44136992245912554,1.2829791605472565,9.8,0.11200000000000002,0.05050000000000001,0.0675,0.036000000000000004,0.99609375,0.9921875,1.0,0.13651830703020096,1.0,1.18926783464849
112,0.4465474680066109,1.1752735018730163,9.822222222222223,0.1128888888888889,0.051000000000000004,0.06833333333333333,0.036444444444444446,0.97265625,0.953125,0.9921875,0.21257296949625015,1.0,1.1620276015251874
113,0.4226063475012779,1.2319483190774918,9.844444444444445,0.11377777777777778,0.05150000000000001,0.06916666666666667,0.036888888888888895,0.98046875,0.9609375,1.0,0.16154691576957703,1.0,1.172391404211521
114,0.48417552262544633,1.2335383415222168,9.866666666666667,0.11466666666666667,0.052000000000000005,0.06999999999999999,0.037333333333333336,0.98046875,0.984375,0.9765625,0.20556388050317764,1.0,1.1701905559748411
115,0.46896091401576995,1.3745192468166352,9.88888888888889,0.11555555555555555,0.052500000000000005,0.07083333333333333,0.03777777777777778,0.98828125,0.9765625,1.0,0.16962497681379318,1.0,1.1798000011593104
116,0.45030936002731325,1.2754063934087754,9.911111111111111,0.11644444444444446,0.05300000000000001,0.07166666666666667,0.03822222222222223,0.99609375,1.0,0.9921875,0.2133382186293602,1.0,1.1854268390685319
117,0.4052398815751076,1.309406465291977,9.933333333333334,0.11733333333333335,0.053500000000000006,0.0725,0.03866666666666667,0.98046875,0.96875,0.9921875,0.1429331973195076,1.0,1.1733220901340247
118,0.45672277063131334,1.3945124685764312,9.955555555555556,0.11822222222222223,0.054000000000000006,0.07333333333333333,0.03911111111111111,0.99609375,0.9921875,1.0,0.20179133117198944,1.0,1.1860041834414006
119,0.4181285187602043,1.3093511819839478,9.977777777777778,0.11911111111111111,0.05450000000000001,0.07416666666666667,0.03955555555555556,0.9921875,0.984375,1.0,0.13707371056079865,1.0,1.18533381447196
120,0.4624994024634361,1.3324792742729188,10.0,0.12,0.05500000000000001,0.075,0.04,0.984375,0.9921875,0.9765625,0.2075045108795166,1.0,1.1739997744560242
121,0.42333167642354963,1.3128669887781144,10.022222222222222,0.12088888888888888,0.05550000000000001,0.07583333333333332,0.04044444444444444,1.0,1.0,1.0,0.14089102298021317,1.0,1.1929554488509893
122,0.4265619471669197,1.1855771034955978,10.044444444444444,0.12177777777777776,0.056,0.07666666666666666,0.040888888888888884,0.98828125,1.0,0.9765625,0.18557310849428177,1.0,1.1790025945752858
123,0.4064674600958824,1.3592387557029724,10.066666666666666,0.12266666666666667,0.056500000000000015,0.0775,0.04133333333333334,0.99609375,1.0,0.9921875,0.13095428049564362,1.0,1.1895460359752177
124,0.4517169177532196,1.255391964316368,10.088888888888889,0.12355555555555556,0.05700000000000001,0.07833333333333334,0.04177777777777778,0.9921875,1.0,0.984375,0.17649105191230774,1.0,1.1833629474043845
125,0.4152635097503662,1.3634883165359497,10.11111111111111,0.12444444444444444,0.05750000000000001,0.07916666666666666,0.042222222222222223,0.9921875,1.0,0.984375,0.12083085626363754,1.0,1.186145957186818
126,0.4218319937586784,1.2746133625507354,10.133333333333333,0.12533333333333332,0.05800000000000001,0.08,0.042666666666666665,1.0,1.0,1.0,0.16774381697177887,1.0,1.191612809151411
127,0.4087453082203865,1.295058274269104,10.155555555555555,0.1262222222222222,0.0585,0.08083333333333333,0.04311111111111111,0.98828125,1.0,0.9765625,0.12393593043088913,1.0,1.1820844534784556
128,0.4365204766392708,1.3784297168254853,10.177777777777777,0.12711111111111112,0.059000000000000004,0.08166666666666665,0.043555555555555556,0.984375,0.96875,1.0,0.17343316972255707,1.0,1.175703341513872
129,0.42045482993125916,1.3116942465305328,10.2,0.128,0.05950000000000001,0.0825,0.044000000000000004,0.99609375,1.0,0.9921875,0.13805511593818665,1.0,1.1891909942030907
130,0.4021738857030869,1.2229615211486817,10.222222222222221,0.1288888888888889,0.06000000000000001,0.08333333333333333,0.044444444444444446,1.0,1.0,1.0,0.16381888091564178,1.0,1.1918090559542178
131,0.41729913651943207,1.3583325505256654,10.244444444444444,0.12977777777777777,0.060500000000000005,0.08416666666666667,0.04488888888888889,1.0,1.0,1.0,0.1505890116095543,1.0,1.1924705494195222
132,0.41850245743989944,1.4369372189044953,10.266666666666666,0.13066666666666665,0.061000000000000006,0.08499999999999999,0.04533333333333333,0.9921875,0.984375,1.0,0.15705454349517822,1.0,1.1843347728252411
133,0.43601146042346955,1.3805876672267914,10.288888888888888,0.13155555555555556,0.061500000000000006,0.08583333333333333,0.04577777777777778,0.99609375,0.9921875,1.0,0.15776211023330688,1.0,1.1882056444883347
134,0.4030214577913284,1.3746976971626281,10.31111111111111,0.13244444444444445,0.062000000000000006,0.08666666666666666,0.04622222222222222,0.99609375,0.9921875,1.0,0.16109392046928406,1.0,1.1880390539765358
135,0.4099915072321892,1.3786267936229706,10.333333333333334,0.13333333333333333,0.06250000000000001,0.08750000000000001,0.04666666666666667,1.0,1.0,1.0,0.14223302528262138,1.0,1.1928883487358688
136,0.3948976963758469,1.350054532289505,10.355555555555556,0.13422222222222221,0.063,0.08833333333333333,0.04711111111111111,0.99609375,1.0,0.9921875,0.15453039854764938,1.0,1.1883672300726176
137,0.40120405703783035,1.4219853401184082,10.377777777777778,0.13511111111111113,0.0635,0.08916666666666666,0.04755555555555556,0.9921875,0.984375,1.0,0.14984598010778427,1.0,1.1846952009946108
138,0.4229480609297752,1.3306365251541137,10.4,0.136,0.064,0.09,0.048,1.0,1.0,1.0,0.15680882334709167,1.0,1.1921595588326455
139,0.4015657350420952,1.4513038992881775,10.422222222222222,0.1368888888888889,0.0645,0.09083333333333332,0.04844444444444444,0.99609375,0.9921875,1.0,0.14990302175283432,1.0,1.1885985989123582
140,0.4189046025276184,1.3242040514945983,10.444444444444445,0.13777777777777778,0.06500000000000002,0.09166666666666667,0.04888888888888889,0.9453125,1.0,0.890625,0.14513912796974182,1.0,1.138055543601513
141,0.38666033297777175,1.3140947252511979,10.466666666666667,0.1386666666666667,0.0655,0.0925,0.04933333333333334,0.9921875,0.984375,1.0,0.1604444980621338,1.0,1.1841652750968932
142,0.4214427098631859,1.3095632910728454,10.488888888888889,0.13955555555555557,0.066,0.09333333333333334,0.04977777777777778,0.99609375,1.0,0.9921875,0.1637982428073883,1.0,1.1879038378596305
143,0.41984128952026367,1.4962730646133422,10.511111111111111,0.14044444444444446,0.0665,0.09416666666666666,0.050222222222222224,0.99609375,1.0,0.9921875,0.15766607969999313,1.0,1.1882104460150003
144,0.418914170563221,1.4185353934764862,10.533333333333333,0.14133333333333334,0.067,0.09499999999999999,0.050666666666666665,1.0,1.0,1.0,0.16538433730602264,1.0,1.1917307831346988
145,0.3928221523761749,1.2907316714525223,10.555555555555555,0.14222222222222222,0.0675,0.09583333333333333,0.05111111111111111,0.99609375,0.9921875,1.0,0.16684192419052124,1.0,1.187751653790474
146,0.43627759665250776,1.5298681616783143,10.577777777777778,0.14311111111111113,0.068,0.09666666666666666,0.05155555555555556,0.99609375,0.9921875,1.0,0.14951273053884506,1.0,1.1886181134730578
147,0.41827631890773775,1.406911128759384,10.6,0.14400000000000002,0.0685,0.0975,0.052000000000000005,1.0,1.0,1.0,0.15917406976222992,1.0,1.1920412965118885
148,0.38708970248699187,1.331754559278488,10.622222222222222,0.1448888888888889,0.069,0.09833333333333333,0.052444444444444446,1.0,1.0,1.0,0.15122127532958984,1.0,1.1924389362335204
149,0.4041703328490257,1.3982011139392854,10.644444444444444,0.14577777777777778,0.0695,0.09916666666666667,0.05288888888888889,0.99609375,0.9921875,1.0,0.14979864656925201,1.0,1.1886038176715374
150,0.4181902751326561,1.4857312321662903,10.666666666666666,0.14666666666666667,0.07,0.09999999999999999,0.05333333333333333,0.99609375,1.0,0.9921875,0.16313643008470535,1.0,1.1879369284957646
151,0.3749626114964485,1.33706676363945,10.68888888888889,0.14755555555555558,0.07050000000000001,0.10083333333333334,0.053777777777777785,0.9921875,1.0,0.984375,0.1475132703781128,1.0,1.1848118364810942
152,0.4158847898244858,1.425558215379715,10.711111111111112,0.14844444444444446,0.07100000000000001,0.10166666666666667,0.05422222222222223,0.99609375,0.9921875,1.0,0.17228006571531296,1.0,1.1874797467142344
153,0.3951328441500664,1.396703737974167,10.733333333333334,0.14933333333333335,0.07150000000000001,0.1025,0.05466666666666667,1.0,1.0,1.0,0.1506941244006157,1.0,1.1924652937799691
154,0.39314102828502656,1.411374220252037,10.755555555555556,0.15022222222222223,0.07200000000000001,0.10333333333333333,0.05511111111111111,0.9921875,0.984375,1.0,0.1854601353406906,1.0,1.1829144932329654
155,0.4144368603825569,1.5276836693286895,10.777777777777779,0.1511111111111111,0.0725,0.10416666666666666,0.05555555555555555,1.0,1.0,1.0,0.15192580968141556,1.0,1.1924037095159292
156,0.38561165183782575,1.4184189677238463,10.8,0.152,0.073,0.105,0.055999999999999994,1.0,1.0,1.0,0.17737551033496857,1.0,1.1911312244832515
157,0.38147813230752947,1.356036314368248,10.822222222222223,0.1528888888888889,0.07350000000000001,0.10583333333333333,0.05644444444444445,1.0,1.0,1.0,0.158364437520504,1.0,1.1920817781239748
158,0.4028633967041969,1.4723175466060638,10.844444444444445,0.1537777777777778,0.07400000000000001,0.10666666666666667,0.05688888888888889,1.0,1.0,1.0,0.16952765733003616,1.0,1.1915236171334982
159,0.389156112074852,1.3796430289745332,10.866666666666667,0.15466666666666667,0.0745,0.1075,0.05733333333333333,1.0,1.0,1.0,0.1518661454319954,1.0,1.1924066927284003
160,0.3751267373561859,1.348332953453064,10.88888888888889,0.15555555555555556,0.075,0.10833333333333332,0.057777777777777775,0.98828125,0.9921875,0.984375,0.16843579709529877,1.0,1.179859460145235
161,0.3735392615199089,1.3329248189926148,10.911111111111111,0.15644444444444444,0.0755,0.10916666666666666,0.058222222222222224,1.0,1.0,1.0,0.13246021792292595,1.0,1.1933769891038537
162,0.40070517510175707,1.334791401028633,10.933333333333334,0.15733333333333333,0.076,0.10999999999999999,0.058666666666666666,0.99609375,1.0,0.9921875,0.18968596309423447,1.0,1.1866094518452883
163,0.419383792579174,1.47852583527565,10.955555555555556,0.15822222222222224,0.07650000000000001,0.11083333333333334,0.059111111111111114,1.0,1.0,1.0,0.14476896077394485,1.0,1.1927615519613026
164,0.4143295958638191,1.4031619310379029,10.977777777777778,0.15911111111111112,0.077,0.11166666666666666,0.059555555555555556,1.0,1.0,1.0,0.17883901298046112,1.0,1.1910580493509768
165,0.36285894811153413,1.3796609818935395,11.0,0.16,0.0775,0.11249999999999999,0.06,0.99609375,0.9921875,1.0,0.1353897750377655,1.0,1.1893242612481116
166,0.42280777245759965,1.2885778188705443,11.022222222222222,0.1608888888888889,0.078,0.11333333333333333,0.060444444444444446,1.0,1.0,1.0,0.18174665421247482,1.0,1.1909126672893762
167,0.3888822868466377,1.534762167930603,11.044444444444444,0.16177777777777777,0.0785,0.11416666666666665,0.06088888888888889,1.0,1.0,1.0,0.1333947442471981,1.0,1.19333026278764
168,0.41132318377494814,1.306023222208023,11.066666666666666,0.16266666666666668,0.07900000000000001,0.115,0.06133333333333334,0.9921875,0.984375,1.0,0.1838686391711235,1.0,1.1829940680414437
169,0.375906890630722,1.554252177476883,11.088888888888889,0.16355555555555557,0.0795,0.11583333333333333,0.06177777777777778,1.0,1.0,1.0,0.13138125464320183,1.0,1.1934309372678398
170,0.40770505368709564,1.4050490319728852,11.11111111111111,0.16444444444444445,0.08,0.11666666666666667,0.06222222222222223,1.0,1.0,1.0,0.2022901475429535,1.0,1.1898854926228524
171,0.37100216522812846,1.4399268805980683,11.133333333333333,0.16533333333333333,0.0805,0.1175,0.06266666666666666,1.0,1.0,1.0,0.15198427438735962,1.0,1.192400786280632
172,0.3993549183011055,1.3466784209012985,11.155555555555555,0.16622222222222222,0.081,0.11833333333333332,0.0631111111111111,0.99609375,0.9921875,1.0,0.18426333367824554,1.0,1.1868805833160876
173,0.3948964193463326,1.4395889401435853,11.177777777777777,0.16711111111111113,0.0815,0.11916666666666666,0.06355555555555556,1.0,1.0,1.0,0.13976123929023743,1.0,1.193011938035488
174,0.3965124934911728,1.40177880525589,11.2,0.168,0.082,0.12,0.064,0.98828125,0.9765625,1.0,0.17296788096427917,1.0,1.179632855951786
175,0.3761165112257004,1.4209442913532258,11.222222222222221,0.1688888888888889,0.0825,0.12083333333333333,0.06444444444444444,1.0,1.0,1.0,0.1574162244796753,1.0,1.1921291887760161
176,0.39726686626672747,1.4284084260463714,11.244444444444444,0.16977777777777778,0.083,0.12166666666666666,0.06488888888888888,1.0,1.0,1.0,0.17292822152376175,1.0,1.1913535889238118
177,0.3868799164891243,1.5739604532718658,11.266666666666666,0.17066666666666666,0.0835,0.1225,0.06533333333333333,0.99609375,1.0,0.9921875,0.1482759267091751,1.0,1.1886799536645412
178,0.38043655157089235,1.3760733664035798,11.288888888888888,0.17155555555555557,0.084,0.12333333333333332,0.06577777777777778,0.984375,0.96875,1.0,0.15748906135559082,1.0,1.1765005469322205
179,0.40497427731752395,1.5841915607452393,11.31111111111111,0.17244444444444446,0.0845,0.12416666666666665,0.06622222222222222,0.92578125,1.0,0.8515625,0.14273368567228317,1.0,1.1186445657163857
180,0.35741485357284547,1.3619568198919296,11.333333333333334,0.17333333333333334,0.085,0.125,0.06666666666666667,0.9921875,0.984375,1.0,0.1371661014854908,1.0,1.1853291949257254
181,0.39085968732833865,1.5960194170475006,11.355555555555556,0.17422222222222222,0.0855,0.12583333333333332,0.06711111111111111,0.96875,1.0,0.9375,0.14120843261480331,1.0,1.1616895783692598
182,0.3715880446135998,1.6097362518310547,11.377777777777778,0.17511111111111113,0.08600000000000001,0.12666666666666665,0.06755555555555556,0.9921875,0.984375,1.0,0.1303044930100441,1.0,1.1856722753494977
183,0.3712677739560604,1.4562585055828094,11.4,0.17600000000000002,0.08650000000000001,0.1275,0.068,0.9765625,1.0,0.953125,0.15811708569526672,1.0,1.1686566457152365
184,0.413312254846096,1.5310875177383423,11.422222222222222,0.1768888888888889,0.087,0.12833333333333333,0.06844444444444445,1.0,1.0,1.0,0.15512773394584656,1.0,1.1922436133027077
185,0.43153880834579467,1.6046624779701233,11.444444444444445,0.17777777777777778,0.08750000000000001,0.12916666666666668,0.06888888888888889,1.0,1.0,1.0,0.16049987077713013,1.0,1.1919750064611434
186,0.38423522710800173,1.5139886379241942,11.466666666666667,0.1786666666666667,0.08800000000000001,0.13,0.06933333333333334,1.0,1.0,1.0,0.17617735266685486,1.0,1.1911911323666573
187,0.4040323868393898,1.5810156106948852,11.488888888888889,0.17955555555555558,0.08850000000000001,0.13083333333333333,0.06977777777777779,0.9375,1.0,0.875,0.15281176567077637,1.0,1.129859411716461
188,0.3793841913342476,1.4564958035945892,11.511111111111111,0.18044444444444446,0.08900000000000001,0.13166666666666665,0.07022222222222223,1.0,1.0,1.0,0.14857646077871323,1.0,1.1925711769610643
189,0.3834711298346519,1.5445752918720246,11.533333333333333,0.18133333333333335,0.0895,0.13249999999999998,0.07066666666666667,0.99609375,1.0,0.9921875,0.19528436660766602,1.0,1.1863295316696167
190,0.37289463728666306,1.524576836824417,11.555555555555555,0.18222222222222223,0.09,0.13333333333333333,0.07111111111111111,1.0,1.0,1.0,0.14275221154093742,1.0,1.192862389422953
191,0.4278321906924248,1.3819713801145554,11.577777777777778,0.18311111111111114,0.09050000000000001,0.13416666666666666,0.07155555555555557,0.98046875,0.96875,0.9921875,0.20042559504508972,1.0,1.1704474702477454
192,0.41690083146095275,1.5046721637248992,11.6,0.18400000000000002,0.09100000000000001,0.135,0.07200000000000001,0.99609375,1.0,0.9921875,0.1320098415017128,1.0,1.1894932579249142
193,0.40021069422364236,1.2346970289945602,11.622222222222222,0.1848888888888889,0.0915,0.13583333333333333,0.07244444444444445,0.9921875,0.984375,1.0,0.19808831065893173,1.0,1.1822830844670533
194,0.41913255900144575,1.5511933445930481,11.644444444444444,0.1857777777777778,0.092,0.13666666666666666,0.07288888888888889,0.99609375,0.9921875,1.0,0.1325148567557335,1.0,1.1894680071622132
195,0.4041871577501297,1.450698345899582,11.666666666666666,0.18666666666666668,0.0925,0.13749999999999998,0.07333333333333333,0.98828125,1.0,0.9765625,0.19747917354106903,1.0,1.1784072913229464
196,0.37943246960639954,1.4546663641929627,11.68888888888889,0.1875555555555556,0.09300000000000001,0.13833333333333334,0.07377777777777779,1.0,1.0,1.0,0.1443096622824669,1.0,1.1927845168858766
197,0.38636659979820254,1.4012422740459443,11.711111111111112,0.18844444444444447,0.09350000000000001,0.13916666666666666,0.07422222222222223,0.96875,0.96875,0.96875,0.19006331264972687,1.0,1.1592468343675135
198,0.3825809583067894,1.5637755215167999,11.733333333333334,0.18933333333333335,0.094,0.13999999999999999,0.07466666666666667,1.0,1.0,1.0,0.13525795936584473,1.0,1.1932371020317076
199,0.41188016831874846,1.4460318446159364,11.755555555555556,0.19022222222222224,0.0945,0.14083333333333334,0.07511111111111111,0.85546875,0.9921875,0.71875,0.1803644672036171,1.0,1.0464505266398192
200,0.3763174742460251,1.4245520770549773,11.777777777777779,0.19111111111111112,0.095,0.14166666666666666,0.07555555555555556,1.0,1.0,1.0,0.14415178075432777,1.0,1.1927924109622836
201,0.38103882521390914,1.4609987914562226,11.8,0.192,0.0955,0.1425,0.076,0.9453125,0.9921875,0.8984375,0.17324401438236237,1.0,1.1366502992808818
202,0.37561685144901275,1.4535700500011444,11.822222222222223,0.19288888888888892,0.09600000000000002,0.14333333333333334,0.07644444444444445,1.0,1.0,1.0,0.15217341482639313,1.0,1.1923913292586803
203,0.36394574493169785,1.3620554387569428,11.844444444444445,0.1937777777777778,0.0965,0.14416666666666667,0.0768888888888889,0.98046875,1.0,0.9609375,0.16549517959356308,1.0,1.1721939910203218
204,0.3910990208387375,1.5292254090309143,11.866666666666667,0.19466666666666668,0.097,0.145,0.07733333333333334,1.0,1.0,1.0,0.1594613865017891,1.0,1.1920269306749105
205,0.374002730846405,1.4769278705120086,11.88888888888889,0.19555555555555557,0.0975,0.14583333333333331,0.07777777777777778,0.99609375,1.0,0.9921875,0.1636948212981224,1.0,1.1879090089350939
206,0.3700443640351295,1.4564358353614808,11.911111111111111,0.19644444444444445,0.098,0.14666666666666667,0.07822222222222222,1.0,1.0,1.0,0.15169565379619598,1.0,1.19241521731019
207,0.38228502571582795,1.5210049510002137,11.933333333333334,0.19733333333333333,0.0985,0.1475,0.07866666666666666,0.99609375,1.0,0.9921875,0.14908070862293243,1.0,1.1886397145688534
208,0.3694819211959839,1.4662437379360198,11.955555555555556,0.19822222222222224,0.099,0.14833333333333334,0.07911111111111112,1.0,1.0,1.0,0.16269074380397797,1.0,1.191865462809801
209,0.35409616082906725,1.457121342420578,11.977777777777778,0.19911111111111113,0.0995,0.14916666666666667,0.07955555555555556,0.984375,1.0,0.96875,0.15653839707374573,1.0,1.1765480801463126
210,0.38280833065509795,1.441858810186386,12.0,0.2,0.1,0.15,0.08,1.0,1.0,1.0,0.1663236767053604,1.0,1.1916838161647318
211,0.367787167429924,1.5226387619972228,12.0,0.2,0.1,0.15,0.08,0.9921875,1.0,0.984375,0.15340302884578705,1.0,1.1845173485577105
212,0.3802241839468479,1.4414709150791167,12.0,0.2,0.1,0.15,0.08,1.0,1.0,1.0,0.17383433133363724,1.0,1.1913082834333182
213,0.36225555539131166,1.475345402956009,12.0,0.2,0.1,0.15,0.08,0.99609375,1.0,0.9921875,0.14803580194711685,1.0,1.1886919599026442
214,0.3799806676805019,1.4882567167282104,12.0,0.2,0.1,0.15,0.08,0.99609375,1.0,0.9921875,0.17929920554161072,1.0,1.1871287897229195
215,0.35405795052647593,1.486277312040329,12.0,0.2,0.1,0.15,0.08,1.0,1.0,1.0,0.14252880588173866,1.0,1.192873559705913
216,0.39230144768953323,1.5589736819267273,12.0,0.2,0.1,0.15,0.08,1.0,1.0,1.0,0.17175175994634628,1.0,1.1914124120026826
217,0.3616320013999939,1.5858545660972596,12.0,0.2,0.1,0.15,0.08,1.0,1.0,1.0,0.1482672467827797,1.0,1.192586637660861
218,0.38150584399700166,1.4781158447265625,12.0,0.2,0.1,0.15,0.08,1.0,1.0,1.0,0.17296003550291061,1.0,1.1913519982248544
219,0.37178410217165947,1.6632254004478455,12.0,0.2,0.1,0.15,0.08,1.0,1.0,1.0,0.14849480241537094,1.0,1.1925752598792314
220,0.38225446045398714,1.466205608844757,12.0,0.2,0.1,0.15,0.08,0.99609375,1.0,0.9921875,0.15956108272075653,1.0,1.188115695863962
221,0.35683130025863646,1.491643452644348,12.0,0.2,0.1,0.15,0.08,1.0,1.0,1.0,0.15235387533903122,1.0,1.1923823062330483
222,0.3813910514116287,1.5358406066894532,12.0,0.2,0.1,0.15,0.08,0.97265625,0.9453125,1.0,0.1689530313014984,1.0,1.164208598434925
223,0.3716548502445221,1.680914616584778,12.0,0.2,0.1,0.15,0.08,1.0,1.0,1.0,0.14816996082663536,1.0,1.1925915019586681
224,0.3980666235089302,1.504594486951828,12.0,0.2,0.1,0.15,0.08,0.99609375,1.0,0.9921875,0.1802167296409607,1.0,1.187082913517952
225,0.35514750704169273,1.4738658964633942,12.0,0.2,0.1,0.15,0.08,1.0,1.0,1.0,0.1564880944788456,1.0,1.1921755952760578
226,0.3935910701751709,1.5054972648620606,12.0,0.2,0.1,0.15,0.08,0.99609375,1.0,0.9921875,0.17311202734708786,1.0,1.1874381486326455
227,0.3761225983500481,1.6088631629943848,12.0,0.2,0.1,0.15,0.08,1.0,1.0,1.0,0.1338992342352867,1.0,1.1933050382882355
228,0.3881756767630577,1.4987370848655701,12.0,0.2,0.1,0.15,0.08,0.98046875,0.9765625,0.984375,0.1698184385895729,1.0,1.1719778280705213
229,0.3555870294570923,1.51189586520195,12.0,0.2,0.1,0.15,0.08,1.0,1.0,1.0,0.15296699106693268,1.0,1.1923516504466534
230,0.35238601863384245,1.4198867172002791,12.0,0.2,0.1,0.15,0.08,0.98828125,0.9921875,0.984375,0.1586429476737976,1.0,1.18034910261631
231,0.379428032040596,1.5803067088127136,12.0,0.2,0.1,0.15,0.08,0.99609375,1.0,0.9921875,0.14929188042879105,1.0,1.1886291559785604
232,0.35915559381246565,1.4730599880218507,12.0,0.2,0.1,0.15,0.08,0.9921875,0.984375,1.0,0.16421974450349808,1.0,1.183976512774825
233,0.3669395804405212,1.5331486642360688,12.0,0.2,0.1,0.15,0.08,0.9921875,1.0,0.984375,0.1662532091140747,1.0,1.1838748395442962
234,0.3350819557905197,1.5435741364955902,12.0,0.2,0.1,0.15,0.08,0.99609375,0.9921875,1.0,0.14808416366577148,1.0,1.1886895418167114
235,0.3787329837679863,1.5609563946723939,12.0,0.2,0.1,0.15,0.08,0.96484375,1.0,0.9296875,0.16856028139591217,1.0,1.1564157359302043
236,0.362919832020998,1.4414269149303436,12.0,0.2,0.1,0.15,0.08,0.9921875,0.9921875,0.9921875,0.1499682068824768,1.0,1.1846890896558762
237,0.4000410184264183,1.532681119441986,12.0,0.2,0.1,0.15,0.08,0.99609375,0.9921875,1.0,0.1642768681049347,1.0,1.1878799065947532
238,0.36499278247356415,1.557246023416519,12.0,0.2,0.1,0.15,0.08,1.0,1.0,1.0,0.1599106267094612,1.0,1.1920044686645268
239,0.3727232187986374,1.5954634428024292,12.0,0.2,0.1,0.15,0.08,0.94921875,1.0,0.8984375,0.16653243452310562,1.0,1.1408921282738447
240,0.3652506798505783,1.4062025010585786,12.0,0.2,0.1,0.15,0.08,1.0,1.0,1.0,0.15318894386291504,1.0,1.1923405528068542
241,0.3785343237221241,1.4848709464073182,12.0,0.2,0.1,0.15,0.08,0.99609375,1.0,0.9921875,0.17053966969251633,1.0,1.1875667665153742
242,0.3703757427632809,1.7360821783542633,12.0,0.2,0.1,0.15,0.08,0.9921875,1.0,0.984375,0.15390335023403168,1.0,1.1844923324882983
243,0.366886205971241,1.5389873325824737,12.0,0.2,0.1,0.15,0.08,0.9921875,0.9921875,0.9921875,0.1556510105729103,1.0,1.1844049494713544
244,0.3541448935866356,1.4723670423030852,12.0,0.2,0.1,0.15,0.08,1.0,1.0,1.0,0.17660671472549438,1.0,1.1911696642637253
245,0.34439185336232186,1.4949058830738067,12.0,0.2,0.1,0.15,0.08,0.9921875,1.0,0.984375,0.13433197885751724,1.0,1.185470901057124
246,0.35217587649822235,1.4102641642093658,12.0,0.2,0.1,0.15,0.08,1.0,1.0,1.0,0.16664262861013412,1.0,1.1916678685694932
247,0.36991127878427504,1.598584419488907,12.0,0.2,0.1,0.15,0.08,0.9921875,1.0,0.984375,0.15269668400287628,1.0,1.1845526657998562
248,0.3511028215289116,1.5311799943447113,12.0,0.2,0.1,0.15,0.08,0.99609375,1.0,0.9921875,0.15237722545862198,1.0,1.1884748887270689
249,0.3754255175590515,1.5223125576972962,12.0,0.2,0.1,0.15,0.08,1.0,1.0,1.0,0.15925707668066025,1.0,1.192037146165967
250,0.3601164221763611,1.4526138305664062,12.0,0.2,0.1,0.15,0.08,1.0,1.0,1.0,0.15706460177898407,1.0,1.1921467699110508
251,0.3706583887338638,1.5613230288028717,12.0,0.2,0.1,0.15,0.08,0.98828125,1.0,0.9765625,0.159138485789299,1.0,1.180324325710535
252,0.35151271522045135,1.5798930943012237,12.0,0.2,0.1,0.15,0.08,1.0,1.0,1.0,0.15283316373825073,1.0,1.1923583418130874
253,0.39419621229171753,1.5173343896865845,12.0,0.2,0.1,0.15,0.08,0.9921875,0.9921875,0.9921875,0.17361755669116974,1.0,1.1835066221654416
254,0.3285661846399307,1.4391715079545975,12.0,0.2,0.1,0.15,0.08,1.0,1.0,1.0,0.153774231672287,1.0,1.1923112884163856
255,0.3974377281963825,1.4584774285554887,12.0,0.2,0.1,0.15,0.08,1.0,1.0,1.0,0.1891641914844513,1.0,1.1905417904257773
256,0.36178317070007326,1.6383457124233245,12.0,0.2,0.1,0.15,0.08,1.0,1.0,1.0,0.14644867181777954,1.0,1.192677566409111
257,0.39595600962638855,1.5265440106391908,12.0,0.2,0.1,0.15,0.08,0.99609375,0.9921875,1.0,0.1953647881746292,1.0,1.1863255105912685
258,0.33574169874191284,1.520229882001877,12.0,0.2,0.1,0.15,0.08,0.99609375,1.0,0.9921875,0.14987404644489288,1.0,1.1886000476777554
259,0.3751901380717754,1.4274859607219696,12.0,0.2,0.1,0.15,0.08,0.99609375,0.9921875,1.0,0.1859409138560295,1.0,1.1867967043071985
260,0.34825003072619437,1.5433046102523804,12.0,0.2,0.1,0.15,0.08,1.0,1.0,1.0,0.14716960489749908,1.0,1.192641519755125
261,0.372002375125885,1.4367096722126007,12.0,0.2,0.1,0.15,0.08,0.953125,0.984375,0.921875,0.18250000476837158,1.0,1.1439999997615813
262,0.33691876009106636,1.518163949251175,12.0,0.2,0.1,0.15,0.08,0.99609375,1.0,0.9921875,0.15002891421318054,1.0,1.188592304289341
263,0.36097614392638205,1.4044173061847687,12.0,0.2,0.1,0.15,0.08,0.9765625,1.0,0.953125,0.17066773027181625,1.0,1.1680291134864091
264,0.3385657422244549,1.5213326036930084,12.0,0.2,0.1,0.15,0.08,1.0,1.0,1.0,0.15140176191926003,1.0,1.192429911904037
265,0.3965565860271454,1.2850775241851806,12.0,0.2,0.1,0.15,0.08,0.9765625,0.9921875,0.9609375,0.15942875295877457,1.0,1.1685910623520612
266,0.3556974820792675,1.4040415823459624,12.0,0.2,0.1,0.15,0.08,0.9921875,1.0,0.984375,0.1466640681028366,1.0,1.184854296594858
267,0.4177229657769203,1.4548352658748627,12.0,0.2,0.1,0.15,0.08,0.99609375,0.9921875,1.0,0.15331143885850906,1.0,1.1884281780570745
268,0.344120929390192,1.3271077871322632,12.0,0.2,0.1,0.15,0.08,1.0,1.0,1.0,0.1461559608578682,1.0,1.1926922019571065
269,0.38761285990476607,1.3677645921707153,12.0,0.2,0.1,0.15,0.08,0.9296875,1.0,0.859375,0.16056974232196808,1.0,1.1216590128839015
270,0.4116272799670696,1.3601776272058488,12.0,0.2,0.1,0.15,0.08,0.99609375,1.0,0.9921875,0.14444435387849808,1.0,1.188871532306075
271,0.41518403887748717,1.536362385749817,12.0,0.2,0.1,0.15,0.08,0.95703125,1.0,0.9140625,0.157491073012352,1.0,1.1491566963493824
272,0.3934347778558731,1.5176535487174987,12.0,0.2,0.1,0.15,0.08,0.99609375,0.9921875,1.0,0.1439039558172226,1.0,1.1888985522091389
273,0.3568832516670227,1.5409874677658082,12.0,0.2,0.1,0.15,0.08,0.97265625,1.0,0.9453125,0.1556088849902153,1.0,1.164875805750489
274,0.38351237028837204,1.4354242622852325,12.0,0.2,0.1,0.15,0.08,1.0,1.0,1.0,0.171655111014843,1.0,1.191417244449258
275,0.3387272678315639,1.6855588257312775,12.0,0.2,0.1,0.15,0.08,1.0,1.0,1.0,0.1519196406006813,1.0,1.192404017969966
276,0.33892909362912177,1.6318361341953278,12.0,0.2,0.1,0.15,0.08,1.0,1.0,1.0,0.18185896426439285,1.0,1.1909070517867804
277,0.3440584160387516,1.5715475916862487,12.0,0.2,0.1,0.15,0.08,1.0,1.0,1.0,0.16280674934387207,1.0,1.1918596625328064
278,0.3445012360811234,1.6189339339733124,12.0,0.2,0.1,0.15,0.08,0.9921875,0.9921875,0.9921875,0.17680183053016663,1.0,1.1833474084734916
279,0.38622336387634276,1.5176115095615388,12.0,0.2,0.1,0.15,0.08,1.0,1.0,1.0,0.14829915016889572,1.0,1.1925850424915552
280,0.4118889346718788,1.4426407396793366,12.0,0.2,0.1,0.15,0.08,0.9921875,1.0,0.984375,0.18479040265083313,1.0,1.1829479798674583
281,0.38703608289361,1.5893160283565522,12.0,0.2,0.1,0.15,0.08,0.9609375,1.0,0.921875,0.13863348960876465,1.0,1.1540058255195618
282,0.3672311887145042,1.4661371409893036,12.0,0.2,0.1,0.15,0.08,0.98046875,1.0,0.9609375,0.16428881138563156,1.0,1.1722543094307183
283,0.3682057999074459,1.5293918907642365,12.0,0.2,0.1,0.15,0.08,1.0,1.0,1.0,0.13897909224033356,1.0,1.1930510453879832
284,0.3820971563458443,1.5387334764003753,12.0,0.2,0.1,0.15,0.08,0.91015625,1.0,0.8203125,0.15255896002054214,1.0,1.102528301998973
285,0.3710935994982719,1.6107785820960998,12.0,0.2,0.1,0.15,0.08,1.0,1.0,1.0,0.15448712557554245,1.0,1.1922756437212227
286,0.36310069262981415,1.5357600033283234,12.0,0.2,0.1,0.15,0.08,0.96484375,1.0,0.9296875,0.1571522280573845,1.0,1.1569861385971307
287,0.34756200984120367,1.473330283164978,12.0,0.2,0.1,0.15,0.08,1.0,1.0,1.0,0.15020478516817093,1.0,1.1924897607415914
288,0.3945406287908554,1.5844932556152345,12.0,0.2,0.1,0.15,0.08,0.98046875,1.0,0.9609375,0.16431932151317596,1.0,1.172252783924341
289,0.34836712256073954,1.59640371799469,12.0,0.2,0.1,0.15,0.08,1.0,1.0,1.0,0.15131798386573792,1.0,1.192434100806713
290,0.3897059574723244,1.5230001151561736,12.0,0.2,0.1,0.15,0.08,0.98046875,1.0,0.9609375,0.1605020985007286,1.0,1.1724436450749636
291,0.3531100988388062,1.5854337394237519,12.0,0.2,0.1,0.15,0.08,0.99609375,1.0,0.9921875,0.1519712209701538,1.0,1.1884951889514923
292,0.3427201360464096,1.5210684895515443,12.0,0.2,0.1,0.15,0.08,0.9921875,1.0,0.984375,0.15997007489204407,1.0,1.1841889962553978
293,0.34122926741838455,1.5254974126815797,12.0,0.2,0.1,0.15,0.08,1.0,1.0,1.0,0.15972675010561943,1.0,1.192013662494719
294,0.36164660975337026,1.5503286480903626,12.0,0.2,0.1,0.15,0.08,0.9765625,1.0,0.953125,0.15957648307085037,1.0,1.1685836758464574
295,0.35379171967506406,1.6055741786956788,12.0,0.2,0.1,0.15,0.08,1.0,1.0,1.0,0.1524992622435093,1.0,1.1923750368878245
296,0.37537337094545364,1.6068492710590363,12.0,0.2,0.1,0.15,0.08,0.98046875,1.0,0.9609375,0.1587679535150528,1.0,1.1725303523242474
297,0.34199821799993513,1.5494626998901366,12.0,0.2,0.1,0.15,0.08,0.99609375,1.0,0.9921875,0.15994393825531006,1.0,1.1880965530872345
298,0.34919036328792574,1.5660944283008575,12.0,0.2,0.1,0.15,0.08,0.95703125,1.0,0.9140625,0.149871364235878,1.0,1.1495376817882061
299,0.3486476495862007,1.665041697025299,12.0,0.2,0.1,0.15,0.08,1.0,1.0,1.0,0.15634912997484207,1.0,1.1921825435012579
300,0.37013931572437286,1.6592696249485015,12.0,0.2,0.1,0.15,0.08,0.9609375,1.0,0.921875,0.15144822001457214,1.0,1.1533650889992713
