profile,query_number,direction,group_off,feature_off,base_fraction,proximity_weight,sparsity_weight,diversity_weight,returned,reference_valid_returned,returned_validity,conditional_returned_validity,valid_cfe_yield_at_k,completeness_at_k,coverage_at_1,full_k_success,proximity,sparsity,diversity,plausibility,plausibility_distance,plausibility_inlier_rate,target_data_support,local_surrogate_fidelity,fidelity,fidelity_oracle_evaluations,constraint_validity,mean_target_logit_margin,minimum_target_logit_margin,robust_validity,robust_cfe_fraction_95,robust_completeness_at_k,robust_full_k_success,changed_set_dice,runtime_seconds,generation_time_to_k_or_cap_seconds,time_to_full_k_seconds,time_per_returned_cfe_seconds,candidate_evaluations,candidate_throughput_per_second,rounds_used,k1_achieved,rounds_to_k1,rounds_to_k1_or_cap,candidates_to_k1,candidates_to_k1_or_cap,time_to_k1_seconds,time_to_k1_or_cap_seconds,k3_achieved,rounds_to_k3,rounds_to_k3_or_cap,candidates_to_k3,candidates_to_k3_or_cap,time_to_k3_seconds,time_to_k3_or_cap_seconds,k5_achieved,rounds_to_k5,rounds_to_k5_or_cap,candidates_to_k5,candidates_to_k5_or_cap,time_to_k5_seconds,time_to_k5_or_cap_seconds,k10_achieved,rounds_to_k10,rounds_to_k10_or_cap,candidates_to_k10,candidates_to_k10_or_cap,time_to_k10_seconds,time_to_k10_or_cap_seconds,group_sparsity
balanced,0,disease_to_no_disease,0.06,0.03,0.5,0.15,0.45,4.0,10,10,1.0,1.0,1.0,1.0,1.0,1.0,0.10752297937870026,0.6444444444444445,0.08541849255561829,0.23567211120483056,0.23567211120483056,0.2,0.8600000000000001,0.8181818181818182,0.8181818181818182,81,1.0,0.2542411983013153,0.12532958388328552,1.0,1.0,1.0,1.0,1.0,0.3469585590000861,0.3469585590000861,0.3469585590000861,0.03469585590000861,1024,2951.3611162990387,8,1.0,1.0,1.0,128.0,128.0,0.020535596999252448,0.020535596999252448,1.0,1.0,1.0,128.0,128.0,0.020535596999252448,0.020535596999252448,1.0,1.0,1.0,128.0,128.0,0.020535596999252448,0.020535596999252448,1.0,2.0,2.0,256.0,256.0,0.049569965999580745,0.049569965999580745,0.6444444444444445
balanced,1,disease_to_no_disease,0.06,0.03,0.5,0.15,0.45,4.0,10,10,1.0,1.0,1.0,1.0,1.0,1.0,0.05276027321815491,0.8222222222222222,0.07160940021276474,0.37077182541839304,0.37077182541839304,0.6,1.0,0.9393939393939394,0.9393939393939394,81,1.0,0.24968603253364563,0.11655744910240173,1.0,1.0,1.0,1.0,0.9655555555555555,0.31688547499925335,0.31688547499925335,0.31688547499925335,0.031688547499925335,1024,3231.4513626805165,8,1.0,1.0,1.0,128.0,128.0,0.021882743999412924,0.021882743999412924,1.0,1.0,1.0,128.0,128.0,0.021882743999412924,0.021882743999412924,1.0,1.0,1.0,128.0,128.0,0.021882743999412924,0.021882743999412924,1.0,1.0,1.0,128.0,128.0,0.021882743999412924,0.021882743999412924,0.8222222222222222
balanced,2,disease_to_no_disease,0.06,0.03,0.5,0.15,0.45,4.0,10,10,1.0,1.0,1.0,1.0,1.0,1.0,0.0645677000284195,0.8,0.08758950978517532,0.39008057631939036,0.39008057631939036,0.9,0.8200000000000001,0.9090909090909091,0.9090909090909091,81,1.0,0.7831020355224609,0.10064685344696045,0.9333333333333332,0.9,0.9,0.0,0.9844444444444445,0.3148695599993516,0.3148695599993516,0.3148695599993516,0.03148695599993516,1024,3252.1403466315023,8,1.0,1.0,1.0,128.0,128.0,0.024242098999820882,0.024242098999820882,1.0,1.0,1.0,128.0,128.0,0.024242098999820882,0.024242098999820882,1.0,1.0,1.0,128.0,128.0,0.024242098999820882,0.024242098999820882,1.0,1.0,1.0,128.0,128.0,0.024242098999820882,0.024242098999820882,0.8
balanced,3,disease_to_no_disease,0.06,0.03,0.5,0.15,0.45,4.0,10,10,1.0,1.0,1.0,1.0,1.0,1.0,0.10085219144821167,0.7000000000000001,0.08479616045951843,0.27282862139223624,0.27282862139223624,0.8,0.9000000000000001,0.9090909090909091,0.9090909090909091,81,1.0,0.3660421073436737,0.1056913435459137,1.0,1.0,1.0,1.0,0.9928571428571429,0.32907861300009245,0.32907861300009245,0.32907861300009245,0.03290786130000924,1024,3111.718475608478,8,1.0,1.0,1.0,128.0,128.0,0.018727607000073476,0.018727607000073476,1.0,1.0,1.0,128.0,128.0,0.018727607000073476,0.018727607000073476,1.0,1.0,1.0,128.0,128.0,0.018727607000073476,0.018727607000073476,1.0,2.0,2.0,256.0,256.0,0.058600846999979694,0.058600846999979694,0.7000000000000001
balanced,4,no_disease_to_disease,0.06,0.03,0.5,0.15,0.45,4.0,10,10,1.0,1.0,1.0,1.0,1.0,1.0,0.05121510103344917,0.8111111111111111,0.06429541110992432,0.4183869221668304,0.4183869221668304,1.0,0.28,0.8484848484848485,0.8484848484848485,81,1.0,0.23963260650634766,0.13645698130130768,1.0,1.0,1.0,1.0,0.9822222222222221,0.3362048100007087,0.3362048100007087,0.3362048100007087,0.03362048100007087,1024,3045.7624922077753,8,1.0,1.0,1.0,128.0,128.0,0.02185628799998085,0.02185628799998085,1.0,1.0,1.0,128.0,128.0,0.02185628799998085,0.02185628799998085,1.0,1.0,1.0,128.0,128.0,0.02185628799998085,0.02185628799998085,1.0,2.0,2.0,256.0,256.0,0.056938306000120065,0.056938306000120065,0.8111111111111111
balanced,5,no_disease_to_disease,0.06,0.03,0.5,0.15,0.45,4.0,10,10,1.0,1.0,1.0,1.0,1.0,1.0,0.034650303423404694,0.8222222222222222,0.04590757191181183,0.45132197834957866,0.45132197834957866,1.0,0.14,0.8181818181818182,0.8181818181818182,81,1.0,0.21586355566978455,0.11767102777957916,1.0,1.0,1.0,1.0,0.9855555555555554,0.2389989119992606,0.2389989119992606,0.2389989119992606,0.02389989119992606,1024,4284.538332974369,8,1.0,2.0,2.0,256.0,256.0,0.03342353399966669,0.03342353399966669,1.0,2.0,2.0,256.0,256.0,0.03342353399966669,0.03342353399966669,1.0,3.0,3.0,384.0,384.0,0.05521721199966123,0.05521721199966123,1.0,4.0,4.0,512.0,512.0,0.08269756299978326,0.08269756299978326,0.8222222222222222
balanced,6,no_disease_to_disease,0.06,0.03,0.5,0.15,0.45,4.0,10,10,1.0,1.0,1.0,1.0,1.0,1.0,0.08503785729408264,0.6666666666666667,0.04250102490186691,0.3359696704228191,0.3359696704228191,0.4,0.14,0.9090909090909091,0.9090909090909091,81,1.0,0.317587673664093,0.10813084244728088,1.0,1.0,1.0,1.0,1.0,0.14385461999972904,0.14385461999972904,0.14385461999972904,0.014385461999972904,1024,7118.297625769188,8,1.0,6.0,6.0,768.0,768.0,0.10497069499979261,0.10497069499979261,1.0,7.0,7.0,896.0,896.0,0.12203534499985835,0.12203534499985835,1.0,7.0,7.0,896.0,896.0,0.12203534499985835,0.12203534499985835,1.0,8.0,8.0,1024.0,1024.0,0.14381802299976698,0.14381802299976698,0.6666666666666667
balanced,7,no_disease_to_disease,0.06,0.03,0.5,0.15,0.45,4.0,4,4,1.0,1.0,0.4,0.4,1.0,0.0,0.11874855309724808,0.36111111111111116,0.014846150763332844,0.3620437170614508,0.3620437170614508,1.0,0.6,0.9615384615384616,0.9615384615384616,65,1.0,0.1610299050807953,0.10314860939979553,1.0,1.0,0.4,0.0,1.0,0.13367935400037823,0.13367935400037823,,0.033419838500094556,1024,7660.12079918566,8,1.0,5.0,5.0,640.0,640.0,0.0774494830002368,0.0774494830002368,1.0,6.0,6.0,768.0,768.0,0.09584214099959354,0.09584214099959354,0.0,,8.0,,1024.0,,0.13363737700001366,0.0,,8.0,,1024.0,,0.13363737700001366,0.36111111111111116
sparse,0,disease_to_no_disease,0.08,0.04,0.5,0.1,0.72,3.0,10,10,1.0,1.0,1.0,1.0,1.0,1.0,0.10874094069004059,0.6555555555555557,0.08905649930238724,0.2507347822904783,0.2507347822904783,0.1,0.8600000000000001,0.9090909090909091,0.9090909090909091,81,1.0,0.2549458146095276,0.12532958388328552,1.0,1.0,1.0,1.0,0.9976190476190476,0.31365578999975696,0.31365578999975696,0.31365578999975696,0.0313655789999757,1024,3264.7253219868617,8,1.0,1.0,1.0,128.0,128.0,0.017981128999963403,0.017981128999963403,1.0,1.0,1.0,128.0,128.0,0.017981128999963403,0.017981128999963403,1.0,1.0,1.0,128.0,128.0,0.017981128999963403,0.017981128999963403,1.0,2.0,2.0,256.0,256.0,0.0469210170003862,0.0469210170003862,0.6555555555555557
sparse,1,disease_to_no_disease,0.08,0.04,0.5,0.1,0.72,3.0,10,10,1.0,1.0,1.0,1.0,1.0,1.0,0.05424533039331436,0.8222222222222222,0.07361332327127457,0.3666108564693885,0.3666108564693885,0.5,1.0,0.9393939393939394,0.9393939393939394,81,1.0,0.2724723517894745,0.11655744910240173,1.0,1.0,1.0,1.0,0.9655555555555555,0.32320531499954086,0.32320531499954086,0.32320531499954086,0.032320531499954085,1024,3168.264729809455,8,1.0,1.0,1.0,128.0,128.0,0.022670590999950946,0.022670590999950946,1.0,1.0,1.0,128.0,128.0,0.022670590999950946,0.022670590999950946,1.0,1.0,1.0,128.0,128.0,0.022670590999950946,0.022670590999950946,1.0,1.0,1.0,128.0,128.0,0.022670590999950946,0.022670590999950946,0.8222222222222222
sparse,2,disease_to_no_disease,0.08,0.04,0.5,0.1,0.72,3.0,10,10,1.0,1.0,1.0,1.0,1.0,1.0,0.06450365483760834,0.8,0.08842761814594269,0.3809629371794967,0.3809629371794967,1.0,0.8,0.8787878787878788,0.8787878787878788,81,1.0,0.8000903129577637,0.13846012949943542,1.0,1.0,1.0,1.0,0.9811111111111112,0.3279788820000249,0.3279788820000249,0.3279788820000249,0.03279788820000249,1024,3122.152236618461,8,1.0,1.0,1.0,128.0,128.0,0.02357767099965713,0.02357767099965713,1.0,1.0,1.0,128.0,128.0,0.02357767099965713,0.02357767099965713,1.0,1.0,1.0,128.0,128.0,0.02357767099965713,0.02357767099965713,1.0,1.0,1.0,128.0,128.0,0.02357767099965713,0.02357767099965713,0.8
sparse,3,disease_to_no_disease,0.08,0.04,0.5,0.1,0.72,3.0,10,10,1.0,1.0,1.0,1.0,1.0,1.0,0.10085219144821167,0.7000000000000001,0.08479616045951843,0.27282862139223624,0.27282862139223624,0.8,0.9000000000000001,0.9090909090909091,0.9090909090909091,81,1.0,0.3660421073436737,0.1056913435459137,1.0,1.0,1.0,1.0,0.9928571428571429,0.3343918259997736,0.3343918259997736,0.3343918259997736,0.03343918259997736,1024,3062.2758105357916,8,1.0,1.0,1.0,128.0,128.0,0.018522952999774134,0.018522952999774134,1.0,1.0,1.0,128.0,128.0,0.018522952999774134,0.018522952999774134,1.0,1.0,1.0,128.0,128.0,0.018522952999774134,0.018522952999774134,1.0,2.0,2.0,256.0,256.0,0.05653646599967033,0.05653646599967033,0.7000000000000001
sparse,4,no_disease_to_disease,0.08,0.04,0.5,0.1,0.72,3.0,10,10,1.0,1.0,1.0,1.0,1.0,1.0,0.05678234249353409,0.788888888888889,0.06797929108142853,0.3970602221646816,0.3970602221646816,1.0,0.26000000000000006,0.9696969696969697,0.9696969696969697,81,1.0,0.2551427483558655,0.10928106307983398,1.0,1.0,1.0,1.0,0.9788888888888888,0.26549735000025976,0.26549735000025976,0.26549735000025976,0.026549735000025977,1024,3856.912319460055,8,1.0,1.0,1.0,128.0,128.0,0.022025479000149062,0.022025479000149062,1.0,1.0,1.0,128.0,128.0,0.022025479000149062,0.022025479000149062,1.0,1.0,1.0,128.0,128.0,0.022025479000149062,0.022025479000149062,1.0,1.0,1.0,128.0,128.0,0.022025479000149062,0.022025479000149062,0.788888888888889
sparse,5,no_disease_to_disease,0.08,0.04,0.5,0.1,0.72,3.0,10,10,1.0,1.0,1.0,1.0,1.0,1.0,0.032828059047460556,0.8222222222222222,0.04297485575079918,0.4413090077152191,0.4413090077152191,1.0,0.16,0.8181818181818182,0.8181818181818182,81,1.0,0.2019137442111969,0.10535527765750885,1.0,1.0,1.0,1.0,0.9855555555555554,0.19136637400060863,0.19136637400060863,0.19136637400060863,0.019136637400060864,1024,5350.992332627587,8,1.0,2.0,2.0,256.0,256.0,0.028365825000037148,0.028365825000037148,1.0,2.0,2.0,256.0,256.0,0.028365825000037148,0.028365825000037148,1.0,3.0,3.0,384.0,384.0,0.05070074000013847,0.05070074000013847,1.0,4.0,4.0,512.0,512.0,0.07396039600007498,0.07396039600007498,0.8222222222222222
sparse,6,no_disease_to_disease,0.08,0.04,0.5,0.1,0.72,3.0,2,2,1.0,1.0,0.2,0.2,1.0,0.0,0.05391734838485718,0.8333333333333333,0.02087816782295704,0.30432737702033247,0.30432737702033247,0.0,0.1,0.7307692307692307,0.7307692307692307,65,1.0,0.25711748003959656,0.11867381632328033,1.0,1.0,0.2,0.0,1.0,0.1189783299996634,0.1189783299996634,,0.0594891649998317,1024,8606.609287614787,8,1.0,6.0,6.0,768.0,768.0,0.08841782499985129,0.08841782499985129,0.0,,8.0,,1024.0,,0.11894122099965898,0.0,,8.0,,1024.0,,0.11894122099965898,0.0,,8.0,,1024.0,,0.11894122099965898,0.8333333333333333
sparse,7,no_disease_to_disease,0.08,0.04,0.5,0.1,0.72,3.0,4,4,1.0,1.0,0.4,0.4,1.0,0.0,0.11531077325344086,0.38888888888888895,0.013282652013003826,0.3416057632271301,0.3416057632271301,1.0,0.5,1.0,1.0,65,1.0,0.154335156083107,0.10508029162883759,1.0,1.0,0.4,0.0,1.0,0.12858462199983478,0.12858462199983478,,0.032146155499958695,1024,7963.627252419934,8,1.0,5.0,5.0,640.0,640.0,0.07311018899963528,0.07311018899963528,1.0,6.0,6.0,768.0,768.0,0.09094723499947577,0.09094723499947577,0.0,,8.0,,1024.0,,0.12855324699921766,0.0,,8.0,,1024.0,,0.12855324699921766,0.38888888888888895
diverse,0,disease_to_no_disease,0.06,0.03,0.65,0.1,0.55,7.0,10,10,1.0,1.0,1.0,1.0,1.0,1.0,0.11379621922969818,0.6333333333333334,0.08381570130586624,0.23908333724859468,0.23908333724859468,0.1,0.8400000000000001,0.9393939393939394,0.9393939393939394,81,1.0,0.3035522401332855,0.12532958388328552,1.0,1.0,1.0,1.0,0.9976190476190476,0.26248602799932996,0.26248602799932996,0.26248602799932996,0.026248602799932998,1024,3901.1600267066938,8,1.0,1.0,1.0,128.0,128.0,0.018350693999309442,0.018350693999309442,1.0,1.0,1.0,128.0,128.0,0.018350693999309442,0.018350693999309442,1.0,1.0,1.0,128.0,128.0,0.018350693999309442,0.018350693999309442,1.0,2.0,2.0,256.0,256.0,0.05304532099944481,0.05304532099944481,0.6333333333333334
diverse,1,disease_to_no_disease,0.06,0.03,0.65,0.1,0.55,7.0,10,10,1.0,1.0,1.0,1.0,1.0,1.0,0.07123689353466034,0.7777777777777778,0.07619549334049225,0.37650429545865055,0.37650429545865055,0.5,1.0,0.9393939393939394,0.9393939393939394,81,1.0,0.43396100401878357,0.11655744910240173,1.0,1.0,1.0,1.0,0.9752380952380951,0.25613086500015925,0.25613086500015925,0.25613086500015925,0.025613086500015925,1024,3997.956279105071,8,1.0,1.0,1.0,128.0,128.0,0.020845228000325733,0.020845228000325733,1.0,1.0,1.0,128.0,128.0,0.020845228000325733,0.020845228000325733,1.0,1.0,1.0,128.0,128.0,0.020845228000325733,0.020845228000325733,1.0,1.0,1.0,128.0,128.0,0.020845228000325733,0.020845228000325733,0.7777777777777778
diverse,2,disease_to_no_disease,0.06,0.03,0.65,0.1,0.55,7.0,10,10,1.0,1.0,1.0,1.0,1.0,1.0,0.08870033919811249,0.7333333333333333,0.10632209479808807,0.3980497099350854,0.3980497099350854,0.8,0.8400000000000001,1.0,1.0,81,1.0,0.8451346158981323,0.13846012949943542,1.0,1.0,1.0,1.0,0.9788888888888889,0.29277894599999854,0.29277894599999854,0.29277894599999854,0.029277894599999854,1024,3497.519251264758,8,1.0,1.0,1.0,128.0,128.0,0.023026961000141455,0.023026961000141455,1.0,1.0,1.0,128.0,128.0,0.023026961000141455,0.023026961000141455,1.0,1.0,1.0,128.0,128.0,0.023026961000141455,0.023026961000141455,1.0,1.0,1.0,128.0,128.0,0.023026961000141455,0.023026961000141455,0.7333333333333333
diverse,3,disease_to_no_disease,0.06,0.03,0.65,0.1,0.55,7.0,10,10,1.0,1.0,1.0,1.0,1.0,1.0,0.10182324796915054,0.688888888888889,0.09036164730787277,0.2845995566925535,0.2845995566925535,0.7,0.96,0.9393939393939394,0.9393939393939394,81,1.0,0.33190661668777466,0.1056913435459137,1.0,1.0,1.0,1.0,0.9885714285714287,0.25844510500064644,0.25844510500064644,0.25844510500064644,0.025844510500064644,1024,3962.156683127888,8,1.0,1.0,1.0,128.0,128.0,0.019637074999991455,0.019637074999991455,1.0,1.0,1.0,128.0,128.0,0.019637074999991455,0.019637074999991455,1.0,1.0,1.0,128.0,128.0,0.019637074999991455,0.019637074999991455,1.0,2.0,2.0,256.0,256.0,0.054283688999930746,0.054283688999930746,0.688888888888889
diverse,4,no_disease_to_disease,0.06,0.03,0.65,0.1,0.55,7.0,10,10,1.0,1.0,1.0,1.0,1.0,1.0,0.07230748236179352,0.7777777777777779,0.07111047953367233,0.3949376575200775,0.3949376575200775,1.0,0.26000000000000006,0.9090909090909091,0.9090909090909091,81,1.0,0.26907074451446533,0.11628168076276779,1.0,1.0,1.0,1.0,0.9776190476190475,0.25700679300007323,0.25700679300007323,0.25700679300007323,0.02570067930000732,1024,3984.3304842129533,8,1.0,1.0,1.0,128.0,128.0,0.023909806999654393,0.023909806999654393,1.0,1.0,1.0,128.0,128.0,0.023909806999654393,0.023909806999654393,1.0,1.0,1.0,128.0,128.0,0.023909806999654393,0.023909806999654393,1.0,1.0,1.0,128.0,128.0,0.023909806999654393,0.023909806999654393,0.7777777777777779
diverse,5,no_disease_to_disease,0.06,0.03,0.65,0.1,0.55,7.0,10,10,1.0,1.0,1.0,1.0,1.0,1.0,0.03041621670126915,0.8222222222222222,0.03787953779101372,0.44467537359820025,0.44467537359820025,1.0,0.1,0.7575757575757576,0.7575757575757576,81,1.0,0.23485669493675232,0.11767102777957916,1.0,1.0,1.0,1.0,0.9855555555555554,0.1746137420004743,0.1746137420004743,0.1746137420004743,0.017461374200047432,1024,5864.372347035656,8,1.0,2.0,2.0,256.0,256.0,0.02866143099981855,0.02866143099981855,1.0,3.0,3.0,384.0,384.0,0.04523711500041827,0.04523711500041827,1.0,3.0,3.0,384.0,384.0,0.04523711500041827,0.04523711500041827,1.0,4.0,4.0,512.0,512.0,0.0659292580003239,0.0659292580003239,0.8222222222222222
diverse,6,no_disease_to_disease,0.06,0.03,0.65,0.1,0.55,7.0,2,2,1.0,1.0,0.2,0.2,1.0,0.0,0.11661994457244873,0.5,0.021739130839705467,0.4396873405188806,0.4396873405188806,0.0,0.0,0.9230769230769231,0.9230769230769231,65,1.0,0.34417441487312317,0.11798517405986786,1.0,1.0,0.2,0.0,1.0,0.11412927000037598,0.11412927000037598,,0.05706463500018799,1024,8972.282044707958,8,1.0,8.0,8.0,1024.0,1024.0,0.11409293500037165,0.11409293500037165,0.0,,8.0,,1024.0,,0.11409293500037165,0.0,,8.0,,1024.0,,0.11409293500037165,0.0,,8.0,,1024.0,,0.11409293500037165,0.5
diverse,7,no_disease_to_disease,0.06,0.03,0.65,0.1,0.55,7.0,5,5,1.0,1.0,0.5,0.5,1.0,0.0,0.12292798608541489,0.3555555555555556,0.020912285894155502,0.3696523452439658,0.3696523452439658,1.0,0.4,0.9629629629629629,0.9629629629629629,66,1.0,0.14573514461517334,0.10312143713235855,1.0,1.0,0.5,0.0,1.0,0.12733167799979128,0.12733167799979128,,0.025466335599958256,1024,8041.989362628823,8,1.0,6.0,6.0,768.0,768.0,0.09008585599985963,0.09008585599985963,1.0,7.0,7.0,896.0,896.0,0.1077279909995923,0.1077279909995923,1.0,8.0,8.0,1024.0,1024.0,0.1272740199992768,0.1272740199992768,0.0,,8.0,,1024.0,,0.1272740199992768,0.3555555555555556
sparse_diverse,0,disease_to_no_disease,0.07,0.035,0.55,0.1,0.66,6.0,10,10,1.0,1.0,1.0,1.0,1.0,1.0,0.114035964012146,0.6333333333333334,0.08030940592288971,0.22913485101359904,0.22913485101359904,0.1,0.8800000000000001,0.8787878787878788,0.8787878787878788,81,1.0,0.3164196014404297,0.12532958388328552,1.0,1.0,1.0,1.0,0.9957671957671957,0.29379343799973867,0.29379343799973867,0.29379343799973867,0.029379343799973867,1024,3485.4420404070115,8,1.0,1.0,1.0,128.0,128.0,0.01911296299931564,0.01911296299931564,1.0,1.0,1.0,128.0,128.0,0.01911296299931564,0.01911296299931564,1.0,1.0,1.0,128.0,128.0,0.01911296299931564,0.01911296299931564,1.0,2.0,2.0,256.0,256.0,0.04698472599920933,0.04698472599920933,0.6333333333333334
sparse_diverse,1,disease_to_no_disease,0.07,0.035,0.55,0.1,0.66,6.0,10,10,1.0,1.0,1.0,1.0,1.0,1.0,0.05912191793322563,0.8111111111111111,0.07273849099874496,0.3822985954347094,0.3822985954347094,0.5,1.0,0.8787878787878788,0.8787878787878788,81,1.0,0.2932186424732208,0.11655744910240173,1.0,1.0,1.0,1.0,0.9722222222222221,0.2958310349995372,0.2958310349995372,0.2958310349995372,0.029583103499953724,1024,3461.43534264957,8,1.0,1.0,1.0,128.0,128.0,0.023191633999886108,0.023191633999886108,1.0,1.0,1.0,128.0,128.0,0.023191633999886108,0.023191633999886108,1.0,1.0,1.0,128.0,128.0,0.023191633999886108,0.023191633999886108,1.0,1.0,1.0,128.0,128.0,0.023191633999886108,0.023191633999886108,0.8111111111111111
sparse_diverse,2,disease_to_no_disease,0.07,0.035,0.55,0.1,0.66,6.0,10,10,1.0,1.0,1.0,1.0,1.0,1.0,0.07694150507450104,0.7777777777777778,0.0963950976729393,0.39840440532694016,0.39840440532694016,0.8,0.8400000000000001,0.8787878787878788,0.8787878787878788,81,1.0,0.7199293375015259,0.13846012949943542,1.0,1.0,1.0,1.0,0.9820634920634921,0.297407819,0.297407819,0.297407819,0.029740781900000002,1024,3443.083653426072,8,1.0,1.0,1.0,128.0,128.0,0.023419912999997905,0.023419912999997905,1.0,1.0,1.0,128.0,128.0,0.023419912999997905,0.023419912999997905,1.0,1.0,1.0,128.0,128.0,0.023419912999997905,0.023419912999997905,1.0,1.0,1.0,128.0,128.0,0.023419912999997905,0.023419912999997905,0.7777777777777778
sparse_diverse,3,disease_to_no_disease,0.07,0.035,0.55,0.1,0.66,6.0,10,10,1.0,1.0,1.0,1.0,1.0,1.0,0.09892143309116364,0.688888888888889,0.08954274654388428,0.29770036158365354,0.29770036158365354,0.6,0.9199999999999999,0.9393939393939394,0.9393939393939394,81,1.0,0.3020420968532562,0.1056913435459137,1.0,1.0,1.0,1.0,0.9952380952380953,0.3211588029998893,0.3211588029998893,0.3211588029998893,0.03211588029998893,1024,3188.453781851818,8,1.0,1.0,1.0,128.0,128.0,0.017918081000061648,0.017918081000061648,1.0,1.0,1.0,128.0,128.0,0.017918081000061648,0.017918081000061648,1.0,1.0,1.0,128.0,128.0,0.017918081000061648,0.017918081000061648,1.0,2.0,2.0,256.0,256.0,0.05147475699959614,0.05147475699959614,0.688888888888889
sparse_diverse,4,no_disease_to_disease,0.07,0.035,0.55,0.1,0.66,6.0,10,10,1.0,1.0,1.0,1.0,1.0,1.0,0.06250236928462982,0.8,0.07265894114971161,0.4034399850959486,0.4034399850959486,1.0,0.2800000000000001,0.9696969696969697,0.9696969696969697,81,1.0,0.2557390332221985,0.13115878403186798,1.0,1.0,1.0,1.0,0.9742857142857142,0.2869079879992569,0.2869079879992569,0.2869079879992569,0.028690798799925688,1024,3569.0884981656636,8,1.0,1.0,1.0,128.0,128.0,0.02336870699946303,0.02336870699946303,1.0,1.0,1.0,128.0,128.0,0.02336870699946303,0.02336870699946303,1.0,1.0,1.0,128.0,128.0,0.02336870699946303,0.02336870699946303,1.0,2.0,2.0,256.0,256.0,0.05417452899928321,0.05417452899928321,0.8
sparse_diverse,5,no_disease_to_disease,0.07,0.035,0.55,0.1,0.66,6.0,10,10,1.0,1.0,1.0,1.0,1.0,1.0,0.04130486771464348,0.8222222222222222,0.05653491988778114,0.4576001488281178,0.4576001488281178,0.8,0.22000000000000003,0.8484848484848485,0.8484848484848485,81,1.0,0.29466134309768677,0.10655771940946579,1.0,1.0,1.0,1.0,0.9855555555555554,0.19169404599961126,0.19169404599961126,0.19169404599961126,0.019169404599961127,1024,5341.845619983818,8,1.0,2.0,2.0,256.0,256.0,0.031111422999856586,0.031111422999856586,1.0,3.0,3.0,384.0,384.0,0.04810568299944862,0.04810568299944862,1.0,3.0,3.0,384.0,384.0,0.04810568299944862,0.04810568299944862,1.0,5.0,5.0,640.0,640.0,0.08811984499971004,0.08811984499971004,0.8222222222222222
sparse_diverse,6,no_disease_to_disease,0.07,0.035,0.55,0.1,0.66,6.0,3,3,1.0,1.0,0.3,0.3,1.0,0.0,0.06424862891435623,0.7777777777777777,0.028455547988414764,0.320820854094227,0.320820854094227,0.0,0.20000000000000004,0.8148148148148148,0.8148148148148148,67,1.0,0.26821285486221313,0.11867381632328033,1.0,1.0,0.3,0.0,1.0,0.11359045300014259,0.11359045300014259,,0.03786348433338086,1024,9014.842118806539,8,1.0,7.0,7.0,896.0,896.0,0.09869550599978538,0.09869550599978538,1.0,8.0,8.0,1024.0,1024.0,0.11355911499958893,0.11355911499958893,0.0,,8.0,,1024.0,,0.11355911499958893,0.0,,8.0,,1024.0,,0.11355911499958893,0.7777777777777777
sparse_diverse,7,no_disease_to_disease,0.07,0.035,0.55,0.1,0.66,6.0,4,4,1.0,1.0,0.4,0.4,1.0,0.0,0.12147736549377441,0.36111111111111116,0.027157632634043694,0.35884483492856356,0.35884483492856356,0.75,0.3,0.9615384615384616,0.9615384615384616,65,1.0,0.13037289679050446,0.10306830704212189,1.0,1.0,0.4,0.0,1.0,0.12299910299952899,0.12299910299952899,,0.030749775749882247,1024,8325.263965574784,8,1.0,5.0,5.0,640.0,640.0,0.07103446000019176,0.07103446000019176,1.0,7.0,7.0,896.0,896.0,0.10499739300030342,0.10499739300030342,0.0,,8.0,,1024.0,,0.12296768000032898,0.0,,8.0,,1024.0,,0.12296768000032898,0.36111111111111116
utility_balanced,0,disease_to_no_disease,0.04,0.02,0.75,0.15,0.35,2.0,10,10,1.0,1.0,1.0,1.0,1.0,1.0,0.11845817416906357,0.6222222222222222,0.08015264570713043,0.2381452880056921,0.2381452880056921,0.1,0.8800000000000001,0.9090909090909091,0.9090909090909091,81,1.0,0.3146201968193054,0.12532958388328552,1.0,1.0,1.0,1.0,0.9981481481481481,0.21622055700026976,0.21622055700026976,0.21622055700026976,0.021622055700026975,1024,4735.904921374901,8,1.0,1.0,1.0,128.0,128.0,0.019000475000211736,0.019000475000211736,1.0,1.0,1.0,128.0,128.0,0.019000475000211736,0.019000475000211736,1.0,1.0,1.0,128.0,128.0,0.019000475000211736,0.019000475000211736,1.0,2.0,2.0,256.0,256.0,0.04678065999996761,0.04678065999996761,0.6222222222222222
utility_balanced,1,disease_to_no_disease,0.04,0.02,0.75,0.15,0.35,2.0,10,10,1.0,1.0,1.0,1.0,1.0,1.0,0.0603097602725029,0.8,0.07159296423196793,0.3829113974506348,0.3829113974506348,0.5,1.0,0.9696969696969697,0.9696969696969697,81,1.0,0.3078624904155731,0.11655744910240173,1.0,1.0,1.0,1.0,0.9665079365079364,0.20663599199997407,0.20663599199997407,0.20663599199997407,0.020663599199997405,1024,4955.574244781754,8,1.0,1.0,1.0,128.0,128.0,0.020408147999660287,0.020408147999660287,1.0,1.0,1.0,128.0,128.0,0.020408147999660287,0.020408147999660287,1.0,1.0,1.0,128.0,128.0,0.020408147999660287,0.020408147999660287,1.0,1.0,1.0,128.0,128.0,0.020408147999660287,0.020408147999660287,0.8
utility_balanced,2,disease_to_no_disease,0.04,0.02,0.75,0.15,0.35,2.0,10,10,1.0,1.0,1.0,1.0,1.0,1.0,0.06536160409450531,0.8,0.08579567074775696,0.3814746891192739,0.3814746891192739,0.9,0.8,1.0,1.0,81,1.0,0.7827008366584778,0.13846012949943542,1.0,1.0,1.0,1.0,0.9811111111111112,0.23021040999992692,0.23021040999992692,0.23021040999992692,0.023021040999992692,1024,4448.104670854481,8,1.0,1.0,1.0,128.0,128.0,0.02303018099973997,0.02303018099973997,1.0,1.0,1.0,128.0,128.0,0.02303018099973997,0.02303018099973997,1.0,1.0,1.0,128.0,128.0,0.02303018099973997,0.02303018099973997,1.0,1.0,1.0,128.0,128.0,0.02303018099973997,0.02303018099973997,0.8
utility_balanced,3,disease_to_no_disease,0.04,0.02,0.75,0.15,0.35,2.0,10,10,1.0,1.0,1.0,1.0,1.0,1.0,0.11561230570077896,0.6555555555555556,0.0722874328494072,0.2549304950330683,0.2549304950330683,0.9,0.96,0.9393939393939394,0.9393939393939394,81,1.0,0.5272320508956909,0.17760735750198364,1.0,1.0,1.0,1.0,0.9928571428571429,0.20738713200080383,0.20738713200080383,0.20738713200080383,0.02073871320008038,1024,4937.625541762307,8,1.0,1.0,1.0,128.0,128.0,0.019601186000727466,0.019601186000727466,1.0,1.0,1.0,128.0,128.0,0.019601186000727466,0.019601186000727466,1.0,1.0,1.0,128.0,128.0,0.019601186000727466,0.019601186000727466,1.0,2.0,2.0,256.0,256.0,0.04571331100032694,0.04571331100032694,0.6555555555555556
utility_balanced,4,no_disease_to_disease,0.04,0.02,0.75,0.15,0.35,2.0,10,10,1.0,1.0,1.0,1.0,1.0,1.0,0.06520915031433105,0.7777777777777779,0.07077494263648987,0.4016545843032543,0.4016545843032543,1.0,0.30000000000000004,0.9090909090909091,0.9090909090909091,81,1.0,0.2825253903865814,0.13115878403186798,1.0,1.0,1.0,1.0,0.9774603174603176,0.21885158099939872,0.21885158099939872,0.21885158099939872,0.02188515809993987,1024,4678.970082481667,8,1.0,1.0,1.0,128.0,128.0,0.024392104000071413,0.024392104000071413,1.0,1.0,1.0,128.0,128.0,0.024392104000071413,0.024392104000071413,1.0,1.0,1.0,128.0,128.0,0.024392104000071413,0.024392104000071413,1.0,1.0,1.0,128.0,128.0,0.024392104000071413,0.024392104000071413,0.7777777777777779
utility_balanced,5,no_disease_to_disease,0.04,0.02,0.75,0.15,0.35,2.0,10,10,1.0,1.0,1.0,1.0,1.0,1.0,0.03121720813214779,0.8111111111111111,0.04064840078353882,0.44989453764809584,0.44989453764809584,1.0,0.16,0.7878787878787878,0.7878787878787878,81,1.0,0.22419723868370056,0.11767102777957916,1.0,1.0,1.0,1.0,0.9855555555555554,0.18649258200002805,0.18649258200002805,0.18649258200002805,0.018649258200002804,1024,5490.835018841907,8,1.0,2.0,2.0,256.0,256.0,0.0317459339994457,0.0317459339994457,1.0,2.0,2.0,256.0,256.0,0.0317459339994457,0.0317459339994457,1.0,2.0,2.0,256.0,256.0,0.0317459339994457,0.0317459339994457,1.0,3.0,3.0,384.0,384.0,0.05817751799986581,0.05817751799986581,0.8111111111111111
utility_balanced,6,no_disease_to_disease,0.04,0.02,0.75,0.15,0.35,2.0,10,10,1.0,1.0,1.0,1.0,1.0,1.0,0.07188838720321655,0.7333333333333334,0.04222606495022774,0.3357747191020669,0.3357747191020669,0.4,0.1,0.9393939393939394,0.9393939393939394,81,1.0,0.2859237790107727,0.11867381632328033,1.0,1.0,1.0,1.0,1.0,0.1328410799997073,0.1328410799997073,0.1328410799997073,0.01328410799997073,1024,7708.458859279496,8,1.0,5.0,5.0,640.0,640.0,0.07014375499966263,0.07014375499966263,1.0,5.0,5.0,640.0,640.0,0.07014375499966263,0.07014375499966263,1.0,6.0,6.0,768.0,768.0,0.08714759400027106,0.08714759400027106,1.0,7.0,7.0,896.0,896.0,0.10836132300028112,0.10836132300028112,0.7333333333333334
utility_balanced,7,no_disease_to_disease,0.04,0.02,0.75,0.15,0.35,2.0,0,0,,,0.0,0.0,0.0,0.0,,,,,,,,,,0,,,,,,0.0,0.0,,0.11382266799955687,0.11382266799955687,,,1024,8996.450513741134,8,0.0,,8.0,,1024.0,,0.11377097499917,0.0,,8.0,,1024.0,,0.11377097499917,0.0,,8.0,,1024.0,,0.11377097499917,0.0,,8.0,,1024.0,,0.11377097499917,
