method,method_label,candidate_budget,valid_cfe_yield_at_k,coverage_at_1,full_k_success,robust_completeness_at_k,robust_full_k_success,proximity,sparsity,group_sparsity,diversity,plausibility,plausibility_distance,plausibility_inlier_rate,target_data_support,local_surrogate_fidelity,fidelity,changed_set_dice,constraint_validity,mean_target_logit_margin,generation_time_to_k_or_cap_seconds,candidate_evaluations,rounds_used
countergan_one_shot,CounterGAN one-shot,128,0.1565,0.7649999999999999,0.0,0.155,0.0,0.15540666069527656,0.3656999881612618,0.3656999881612618,0.024412330913577043,0.3874082978364757,0.3874082978364757,0.29744385706089665,0.5475630276206869,0.9441191273451348,0.9441191273451348,0.9963842414972186,1.0,0.8985281567456338,0.00915659783503088,128.0,1.0
countergan_one_shot,CounterGAN one-shot,256,0.16599999999999998,0.7649999999999999,0.0,0.1645,0.0,0.15450643826205535,0.3681338961287326,0.3681338961287326,0.02451991578564048,0.3862934451054514,0.3862934451054514,0.3081081468732071,0.555259568887796,0.9494353313214967,0.9494353313214967,0.9962478440515421,1.0,0.9013888453599868,0.0117792762550107,256.0,1.0
countergan_one_shot,CounterGAN one-shot,512,0.185,0.77,0.005,0.183,0.005,0.15435361432443773,0.3715621063240111,0.3715621063240111,0.025755564511443178,0.38590734471270266,0.38590734471270266,0.30675831443688584,0.5502588813303099,0.9437018760294622,0.9437018760294622,0.9957178698013782,1.0,0.874768267678363,0.017170823235005628,512.0,1.0
countergan_one_shot,CounterGAN one-shot,1024,0.20550000000000002,0.77,0.005,0.202,0.0,0.15401709773799493,0.3702666498698245,0.3702666498698245,0.02855798443114119,0.3865471729467202,0.3865471729467202,0.30392479213907786,0.5531360544217687,0.94319990567117,0.94319990567117,0.9960528292805079,1.0,0.8586861123641332,0.027666954729957068,1024.0,1.0
countergan_sparse_diverse_no_dp,CounterGAN non-DP + identical counted sparse-diverse search,128,0.44599999999999995,0.7649999999999999,0.13,0.4445,0.125,0.1344556187935135,0.46784275803136965,0.46784275803136965,0.05422306093026639,0.37685905765626404,0.37685905765626404,0.33993911018222556,0.536367442559353,0.9287124514378358,0.9287124514378358,0.9964954621746606,1.0,0.704393001220056,0.018396156415014957,128.0,1.0
countergan_sparse_diverse_no_dp,CounterGAN non-DP + identical counted sparse-diverse search,256,0.698,0.815,0.58,0.684,0.49,0.11711298707252127,0.5414570352874088,0.5414570352874088,0.06360998985529247,0.3650264726385293,0.3650264726385293,0.45635792411473675,0.5369824684823918,0.9186237506704914,0.9186237506704914,0.9951313321481432,1.0,0.49624394018326207,0.0469015162150572,256.0,2.0
countergan_sparse_diverse_no_dp,CounterGAN non-DP + identical counted sparse-diverse search,512,0.757,0.8300000000000001,0.715,0.7355,0.57,0.10620814372451629,0.6157339474089609,0.6157339474089609,0.06512290177810093,0.3482811644954136,0.3482811644954136,0.5656589674707218,0.5341048895622471,0.913209193369036,0.913209193369036,0.9909179640849142,1.0,0.39268648771917297,0.11387127643502482,512.0,4.0
countergan_sparse_diverse_no_dp,CounterGAN non-DP + identical counted sparse-diverse search,1024,0.7875,0.85,0.75,0.7585,0.5499999999999999,0.10481941165696634,0.6239770155293671,0.6239770155293671,0.06599052480162144,0.34778934265427575,0.34778934265427575,0.5583799925345279,0.5343991628006186,0.9128081471258287,0.9128081471258287,0.9907244732095132,1.0,0.37071554544241003,0.25594656029503315,1024.0,8.0
dice_gradient_style,Custom DiCE-style gradient,128,0.0045000000000000005,0.045,0.0,0.0045000000000000005,0.0,0.016187596522892516,0.7314814814814816,0.7314814814814816,0.0,0.22843229236438506,0.22843229236438506,0.9166666666666667,0.4333333333333333,1.0,1.0,0.9659722222222222,1.0,0.23710867762565613,0.02034997050498987,128.0,1.0
dice_gradient_style,Custom DiCE-style gradient,256,0.019500000000000003,0.175,0.0,0.019500000000000003,0.0,0.02394263884052634,0.6383333333333334,0.6383333333333334,0.004221829939633608,0.2718531676158297,0.2718531676158297,0.8400000000000001,0.48700000000000004,0.98,0.98,0.9926071428571429,1.0,0.3175172457098961,0.03641625200997624,256.0,1.0
dice_gradient_style,Custom DiCE-style gradient,512,0.1975,0.55,0.015,0.19650000000000004,0.015,0.08611490347766058,0.46212726390860326,0.46212726390860326,0.046420959366744834,0.3404643640811087,0.3404643640811087,0.6478791148962647,0.5118451165684731,0.9182371983092896,0.9182371983092896,0.993883828291276,1.0,0.5118680799363973,0.06757859476995236,512.0,1.0
dice_gradient_style,Custom DiCE-style gradient,1024,0.25749999999999995,0.72,0.015,0.257,0.015,0.10042714772688208,0.4729538154352165,0.4729538154352165,0.05190799608068777,0.370011068762203,0.370011068762203,0.4592746865682872,0.5209000717938107,0.944514930362901,0.944514930362901,0.9943623051676989,1.0,0.6539756838749538,0.13076168730005067,1024.0,1.0
genetic_cfe,Budget-matched genetic CFE,128,0.0475,0.215,0.0,0.0435,0.0,0.028981889371210948,0.676013770180437,0.676013770180437,0.02166293018664687,0.29136780365802467,0.29136780365802467,0.7957692307692308,0.48374786324786323,0.9423442179852436,0.9423442179852436,0.9785596001221001,1.0,0.26219980561962497,0.006587349520000316,128.0,1.0
genetic_cfe,Budget-matched genetic CFE,256,0.09,0.28,0.005,0.0855,0.005,0.032702131618169095,0.6645518392542202,0.6645518392542202,0.02848601589600245,0.29986054035931037,0.29986054035931037,0.7860827664399093,0.48801587301587307,0.9494071275680471,0.9494071275680471,0.9843315719144801,1.0,0.27697131623114857,0.013057253990064056,256.0,2.0
genetic_cfe,Budget-matched genetic CFE,512,0.218,0.455,0.04,0.2045,0.02,0.0433370509313475,0.6448835655277405,0.6448835655277405,0.028081979349473332,0.33204042948778395,0.33204042948778395,0.6739500661375661,0.49683541617310273,0.9130841391156197,0.9130841391156197,0.9796274455736447,1.0,0.2687671171566147,0.026558518049982924,512.0,4.0
genetic_cfe,Budget-matched genetic CFE,1024,0.3975,0.605,0.21,0.365,0.105,0.05236202041240043,0.653931712207968,0.653931712207968,0.02871376204585601,0.33479821267316695,0.33479821267316695,0.6785577820359499,0.5078164297492208,0.9308846172248589,0.9308846172248589,0.9787753465830095,1.0,0.2728070278873148,0.0561179734749976,1024.0,8.0
proposed_countergan,CounterGAN + iterative black-box search,128,0.1565,0.7649999999999999,0.0,0.155,0.0,0.15540666069527656,0.3656999881612618,0.3656999881612618,0.024412330913577043,0.3874082978364757,0.3874082978364757,0.29744385706089665,0.5475630276206869,0.9441191273451348,0.9441191273451348,0.9963842414972186,1.0,0.8985281567456338,0.009184131350039024,128.0,1.0
proposed_countergan,CounterGAN + iterative black-box search,256,0.4385,0.815,0.055,0.43400000000000005,0.045,0.15707317669847493,0.341466494202936,0.341466494202936,0.039772676862889995,0.38423008268803116,0.38423008268803116,0.36645423304649494,0.5547141185534042,0.9241921639504899,0.9241921639504899,0.9965875798507038,1.0,0.7709884227848225,0.01835572299497471,256.0,2.0
proposed_countergan,CounterGAN + iterative black-box search,512,0.6915,0.84,0.505,0.6839999999999999,0.485,0.15721484057630974,0.3370927221547789,0.3370927221547789,0.04347784825412705,0.38297212809128334,0.38297212809128334,0.40553792774537456,0.5533172458172457,0.9241902030603424,0.9241902030603424,0.9955153300346651,1.0,0.7723475954816166,0.03331375545002174,471.68,3.685
proposed_countergan,CounterGAN + iterative black-box search,1024,0.7605,0.865,0.675,0.754,0.665,0.16002389009350515,0.33219837738686947,0.33219837738686947,0.0441784881967779,0.38734127034431654,0.38734127034431654,0.37758596809936096,0.5600564477685014,0.9251181487515736,0.9251181487515736,0.9956207327423664,1.0,0.7550822803382742,0.04795102453001164,675.2,5.275
proposed_dp_eps16_sparse_diverse,Unified DP-CounterGAN epsilon=16 + counted sparse-diverse search,128,0.316,0.56,0.125,0.3105,0.11,0.11702401445472035,0.4885401487968538,0.4885401487968538,0.047815969686998035,0.327823301485426,0.327823301485426,0.732196223316913,0.5179110563765735,0.935523140384813,0.935523140384813,0.9959749438321861,1.0,0.5359013331775693,0.017428535699996247,128.0,1.0
proposed_dp_eps16_sparse_diverse,Unified DP-CounterGAN epsilon=16 + counted sparse-diverse search,256,0.54,0.635,0.45499999999999996,0.5325,0.415,0.10659968931744188,0.5602076146222972,0.5602076146222972,0.06109664520483023,0.34376327670293183,0.34376327670293183,0.647827998720856,0.5342681623931624,0.914400917930243,0.914400917930243,0.994189017368644,1.0,0.4523371411544317,0.04137566768504712,256.0,2.0
proposed_dp_eps16_sparse_diverse,Unified DP-CounterGAN epsilon=16 + counted sparse-diverse search,512,0.6485,0.72,0.595,0.6255,0.455,0.09626785078799326,0.6309435402994332,0.6309435402994332,0.061644998660628024,0.3324889390347655,0.3324889390347655,0.6436078732568296,0.5306126572492796,0.9082056429970234,0.9082056429970234,0.9900423220462667,1.0,0.38530408941883215,0.10083550769495105,512.0,4.0
proposed_dp_eps16_sparse_diverse,Unified DP-CounterGAN epsilon=16 + counted sparse-diverse search,1024,0.7295,0.805,0.685,0.703,0.505,0.09713961450403095,0.6421905903938636,0.6421905903938636,0.061495366809282345,0.33737409655140016,0.33737409655140016,0.5832063605011897,0.5369688789494292,0.9135867566613057,0.9135867566613057,0.990687424602541,1.0,0.37062049670831776,0.22912512911997965,1024.0,8.0
proposed_dp_eps2_sparse_diverse,Unified DP-CounterGAN epsilon=2 + counted sparse-diverse search,128,0.433,0.65,0.25,0.42800000000000005,0.24,0.10736930749979814,0.5411072287776377,0.5411072287776377,0.05526209517913096,0.32093255463713277,0.32093255463713277,0.7424752739909115,0.5200973235235464,0.9326202216264804,0.9326202216264804,0.9943624086221453,1.0,0.5064110335154797,0.0200552708500345,128.0,1.0
proposed_dp_eps2_sparse_diverse,Unified DP-CounterGAN epsilon=2 + counted sparse-diverse search,256,0.6040000000000001,0.74,0.51,0.5905,0.44499999999999995,0.10036843464521994,0.5976785181087536,0.5976785181087536,0.05820516215194278,0.3182403129641281,0.3182403129641281,0.6804118187616569,0.5269075429321097,0.9301398578777601,0.9301398578777601,0.9931796694046315,1.0,0.4371336802188963,0.04699021103998348,256.0,2.0
proposed_dp_eps2_sparse_diverse,Unified DP-CounterGAN epsilon=2 + counted sparse-diverse search,512,0.712,0.78,0.635,0.6859999999999999,0.48,0.0955820308732135,0.6417168633835301,0.6417168633835301,0.06103523520773256,0.3312957299021152,0.3312957299021152,0.6450549450549451,0.5242423687423687,0.9182922883188135,0.9182922883188135,0.9899704381309236,1.0,0.37652048382621545,0.11036021770502884,512.0,4.0
proposed_dp_eps2_sparse_diverse,Unified DP-CounterGAN epsilon=2 + counted sparse-diverse search,1024,0.755,0.82,0.7050000000000001,0.7274999999999999,0.535,0.09549917977156067,0.6456864436081762,0.6456864436081762,0.06023975823072456,0.3375867161378512,0.3375867161378512,0.6200388985381386,0.5306796931538573,0.9224609070720589,0.9224609070720589,0.9899829055611731,1.0,0.36069193393173193,0.24061558941500608,1024.0,8.0
proposed_dp_eps4_sparse_diverse,DP-CounterGAN epsilon=4 + full-budget sparse-diverse pruning/MMR,128,0.3625,0.595,0.185,0.35600000000000004,0.16999999999999998,0.10490266313584355,0.542996521126011,0.542996521126011,0.051103337403606286,0.32162418651930247,0.32162418651930247,0.722395049375114,0.5146877993295019,0.9344709370181279,0.9344709370181279,0.9954318270310074,1.0,0.5298527729585125,0.018184616525013554,128.0,1.0
proposed_dp_eps4_sparse_diverse,DP-CounterGAN epsilon=4 + full-budget sparse-diverse pruning/MMR,256,0.5505,0.655,0.455,0.536,0.385,0.09870425941381644,0.5944953316084269,0.5944953316084269,0.059753386242120725,0.32835154942557054,0.32835154942557054,0.7109401709401709,0.5274931972789116,0.9102601412979398,0.9102601412979398,0.993118404650227,1.0,0.44211098851922614,0.043608707254966246,256.0,2.0
proposed_dp_eps4_sparse_diverse,DP-CounterGAN epsilon=4 + full-budget sparse-diverse pruning/MMR,512,0.6400000000000001,0.7050000000000001,0.59,0.617,0.435,0.09199173355372725,0.6442531881698549,0.6442531881698549,0.06083253702640042,0.32874914182103904,0.32874914182103904,0.6721572039072039,0.5195712454212456,0.9140779163856088,0.9140779163856088,0.9900545911311749,1.0,0.3839849447360733,0.10271008985003846,512.0,4.0
proposed_dp_eps4_sparse_diverse,DP-CounterGAN epsilon=4 + full-budget sparse-diverse pruning/MMR,1024,0.7265,0.82,0.675,0.6945,0.45999999999999996,0.0958216249840872,0.6431272280385756,0.6431272280385756,0.060391615059631545,0.33615181889003887,0.33615181889003887,0.6011870989530563,0.5308630530226275,0.9064066904646615,0.9064066904646615,0.9901977795221452,1.0,0.35078747273736993,0.23183636240998112,1024.0,8.0
proposed_dp_eps8_sparse_diverse,Unified DP-CounterGAN epsilon=8 + counted sparse-diverse search,128,0.357,0.59,0.16499999999999998,0.3535,0.15999999999999998,0.11372529113807991,0.5148642352563921,0.5148642352563921,0.051586737110214755,0.3170852626089898,0.3170852626089898,0.7484708428826076,0.5130866225277989,0.9337822480117643,0.9337822480117643,0.9953697365220218,1.0,0.5806799822777456,0.017255108560038937,128.0,1.0
proposed_dp_eps8_sparse_diverse,Unified DP-CounterGAN epsilon=8 + counted sparse-diverse search,256,0.5695,0.6950000000000001,0.49,0.5579999999999999,0.42500000000000004,0.10767452416202947,0.559865449622394,0.559865449622394,0.056943916983479434,0.32450182594973104,0.32450182594973104,0.6464478766934124,0.5240250341589627,0.9196818973344173,0.9196818973344173,0.9946580747240579,1.0,0.46419041072642736,0.042677308045022073,256.0,2.0
proposed_dp_eps8_sparse_diverse,Unified DP-CounterGAN epsilon=8 + counted sparse-diverse search,512,0.6815,0.765,0.62,0.6585,0.45999999999999996,0.09624007323501912,0.6342671316566542,0.6342671316566542,0.0595362945138666,0.32758783607723385,0.32758783607723385,0.6220939539988007,0.5353565771758929,0.917466395055367,0.917466395055367,0.9906795916838531,1.0,0.39834091680274425,0.10288860939503137,512.0,4.0
proposed_dp_eps8_sparse_diverse,Unified DP-CounterGAN epsilon=8 + counted sparse-diverse search,1024,0.749,0.805,0.69,0.7155,0.495,0.09571181596825247,0.6461292372385036,0.6461292372385036,0.06181018004473122,0.3359567163075634,0.3359567163075634,0.6260715038703654,0.5228172218708272,0.9128382787333911,0.9128382787333911,0.9902195150914528,1.0,0.3701003500596773,0.23296255812496383,1024.0,8.0
uniform_random,Uniform constrained random,128,0.0475,0.215,0.0,0.0435,0.0,0.028981889371210948,0.676013770180437,0.676013770180437,0.02166293018664687,0.29136780365802467,0.29136780365802467,0.7957692307692308,0.48374786324786323,0.9423442179852436,0.9423442179852436,0.9785596001221001,1.0,0.26219980561962497,0.006621091544984665,128.0,1.0
uniform_random,Uniform constrained random,256,0.1415,0.3,0.025,0.1345,0.015,0.040009636045645246,0.6194558431537599,0.6194558431537599,0.03496805163079195,0.31535646423862584,0.31535646423862584,0.8148324765512266,0.5027935606060606,0.9185529918386501,0.9185529918386501,0.9849787863036772,1.0,0.2764164087870582,0.012805011025016029,256.0,2.0
uniform_random,Uniform constrained random,512,0.29350000000000004,0.445,0.22,0.27999999999999997,0.155,0.051264985730780754,0.5995811723166796,0.5995811723166796,0.038194234009306965,0.33354628393871366,0.33354628393871366,0.6610884988602379,0.5172044984001506,0.9113773644599141,0.9113773644599141,0.9855032632518967,1.0,0.26003750878704,0.025473356750003406,512.0,4.0
uniform_random,Uniform constrained random,1024,0.46499999999999997,0.605,0.37,0.4435,0.245,0.06722621199230856,0.5725245388044263,0.5725245388044263,0.0513076758783506,0.3618364741478166,0.3618364741478166,0.5794215893108299,0.5013058401982452,0.8956234503811981,0.8956234503811981,0.9889363489309491,1.0,0.26230840745924866,0.053144664014994306,1024.0,8.0
wachter_style,Custom Wachter-style gradient,128,0.0045000000000000005,0.045,0.0,0.0045000000000000005,0.0,0.016125032988687355,0.75,0.75,0.0,0.22836189402204127,0.22836189402204127,0.9166666666666667,0.4333333333333333,1.0,1.0,0.9465277777777779,1.0,0.23694056272506714,0.018183155635010738,128.0,1.0
wachter_style,Custom Wachter-style gradient,256,0.019500000000000003,0.175,0.0,0.019500000000000003,0.0,0.024066210435703395,0.633888888888889,0.633888888888889,0.0042178319394588475,0.270389508363545,0.270389508363545,0.8400000000000001,0.483,0.9761538461538461,0.9761538461538461,0.989436507936508,1.0,0.31780823215842247,0.032027555529998614,256.0,1.0
wachter_style,Custom Wachter-style gradient,512,0.19100000000000003,0.55,0.015,0.19,0.015,0.08493979056219378,0.4641491722136884,0.4641491722136884,0.04424296049557082,0.34032191771207043,0.34032191771207043,0.6477617200412218,0.5128354138715511,0.9199485114953778,0.9199485114953778,0.9938613235922087,1.0,0.5135579621879458,0.05915058949502054,512.0,1.0
wachter_style,Custom Wachter-style gradient,1024,0.248,0.715,0.015,0.247,0.015,0.099449689859753,0.4739177521231367,0.4739177521231367,0.0503462188534948,0.36994611749114825,0.36994611749114825,0.45217428901455287,0.5259274068150517,0.9433117366526761,0.9433117366526761,0.9932844057296359,1.0,0.6602410988130721,0.11242856272497648,1024.0,1.0
