population,maximum_rounds,candidate_budget,query_number,direction,returned,reference_valid_returned,returned_validity,conditional_returned_validity,valid_cfe_yield_at_k,completeness_at_k,coverage_at_1,full_k_success,proximity,sparsity,diversity,plausibility,plausibility_distance,plausibility_inlier_rate,target_data_support,local_surrogate_fidelity,fidelity,fidelity_oracle_evaluations,constraint_validity,mean_target_logit_margin,minimum_target_logit_margin,robust_validity,robust_cfe_fraction_95,robust_completeness_at_k,robust_full_k_success,changed_set_dice,runtime_seconds,generation_time_to_k_or_cap_seconds,time_to_full_k_seconds,time_per_returned_cfe_seconds,candidate_evaluations,candidate_throughput_per_second,rounds_used,k1_achieved,rounds_to_k1,rounds_to_k1_or_cap,candidates_to_k1,candidates_to_k1_or_cap,time_to_k1_seconds,time_to_k1_or_cap_seconds,k3_achieved,rounds_to_k3,rounds_to_k3_or_cap,candidates_to_k3,candidates_to_k3_or_cap,time_to_k3_seconds,time_to_k3_or_cap_seconds,k5_achieved,rounds_to_k5,rounds_to_k5_or_cap,candidates_to_k5,candidates_to_k5_or_cap,time_to_k5_seconds,time_to_k5_or_cap_seconds,k10_achieved,rounds_to_k10,rounds_to_k10_or_cap,candidates_to_k10,candidates_to_k10_or_cap,time_to_k10_seconds,time_to_k10_or_cap_seconds,group_sparsity
16,32,512,0,disease_to_no_disease,10,10,1.0,1.0,1.0,1.0,1.0,1.0,0.08466804027557373,0.8166666666666667,0.06787585467100143,0.85997346857443,0.85997346857443,0.0,0.08,0.7878787878787878,0.7878787878787878,81,1.0,5.814017295837402,0.1780843734741211,0.8666666666666666,0.7,0.7,0.0,0.8355002405002405,7.089210440999523,7.089210440999523,7.089210440999523,0.7089210440999523,512,72.22242931863256,32,1.0,1.0,1.0,16.0,16.0,0.2406188969998766,0.2406188969998766,1.0,1.0,1.0,16.0,16.0,0.2406188969998766,0.2406188969998766,1.0,1.0,1.0,16.0,16.0,0.2406188969998766,0.2406188969998766,1.0,2.0,2.0,32.0,32.0,0.4764382690000275,0.4764382690000275,0.8166666666666667
16,32,512,1,disease_to_no_disease,10,10,1.0,1.0,1.0,1.0,1.0,1.0,0.0861099362373352,0.7722222222222223,0.0553755983710289,0.7762779819455706,0.7762779819455706,0.3,0.04,0.9696969696969697,0.9696969696969697,81,1.0,3.433795928955078,0.14377927780151367,0.9166666666666666,0.8,0.8,0.0,0.9149074074074074,7.7934630300005665,7.7934630300005665,7.7934630300005665,0.7793463030000567,512,65.69608376007947,32,1.0,1.0,1.0,16.0,16.0,0.16895781400035048,0.16895781400035048,1.0,2.0,2.0,32.0,32.0,0.41255608500068774,0.41255608500068774,1.0,2.0,2.0,32.0,32.0,0.41255608500068774,0.41255608500068774,1.0,3.0,3.0,48.0,48.0,0.5781667280007241,0.5781667280007241,0.7722222222222223
16,32,512,2,disease_to_no_disease,10,10,1.0,1.0,1.0,1.0,1.0,1.0,0.07153494656085968,0.7277777777777779,0.05152882635593414,0.7000036866740983,0.7000036866740983,0.0,0.8800000000000001,0.8484848484848485,0.8484848484848485,81,1.0,1.9256198406219482,0.27416467666625977,0.9166666666666667,0.6,0.6,0.0,0.9166163466163466,7.739113292000184,7.739113292000184,7.739113292000184,0.7739113292000184,512,66.1574499147399,32,1.0,1.0,1.0,16.0,16.0,0.24895551200006594,0.24895551200006594,1.0,2.0,2.0,32.0,32.0,0.4945815549999679,0.4945815549999679,1.0,2.0,2.0,32.0,32.0,0.4945815549999679,0.4945815549999679,1.0,4.0,4.0,64.0,64.0,0.9110225270005685,0.9110225270005685,0.7277777777777779
16,32,512,3,disease_to_no_disease,10,10,1.0,1.0,1.0,1.0,1.0,1.0,0.07454578578472137,0.75,0.07483921945095062,0.5643675742589787,0.5643675742589787,0.0,0.72,0.9696969696969697,0.9696969696969697,81,1.0,8.723989486694336,0.7056574821472168,1.0,1.0,1.0,1.0,0.9466426166426165,8.12256761199933,8.12256761199933,8.12256761199933,0.812256761199933,512,63.034255232745764,32,1.0,1.0,1.0,16.0,16.0,0.16575801499948284,0.16575801499948284,1.0,1.0,1.0,16.0,16.0,0.16575801499948284,0.16575801499948284,1.0,1.0,1.0,16.0,16.0,0.16575801499948284,0.16575801499948284,1.0,2.0,2.0,32.0,32.0,0.4070838529996763,0.4070838529996763,0.75
16,32,512,4,no_disease_to_disease,10,10,1.0,1.0,1.0,1.0,1.0,1.0,0.08881236612796783,0.6166666666666667,0.09007389098405838,0.7923487801099058,0.7923487801099058,0.0,0.7999999999999999,0.8787878787878788,0.8787878787878788,81,1.0,4.4092326164245605,0.3892350196838379,0.8500000000000002,0.7,0.7,0.0,0.9475329270259613,8.245802915999775,8.245802915999775,8.245802915999775,0.8245802915999775,512,62.09219468567929,32,1.0,1.0,1.0,16.0,16.0,0.2579382510002688,0.2579382510002688,1.0,1.0,1.0,16.0,16.0,0.2579382510002688,0.2579382510002688,1.0,1.0,1.0,16.0,16.0,0.2579382510002688,0.2579382510002688,1.0,2.0,2.0,32.0,32.0,0.508194743999411,0.508194743999411,0.6166666666666667
16,32,512,5,no_disease_to_disease,10,10,1.0,1.0,1.0,1.0,1.0,1.0,0.1204466000199318,0.7444444444444445,0.07281490415334702,0.9086554907400247,0.9086554907400247,0.0,0.9400000000000001,0.7878787878787878,0.7878787878787878,81,1.0,4.218156814575195,0.7155880928039551,0.9166666666666666,0.8,0.8,0.0,0.9311430236430237,6.702673673999925,6.702673673999925,6.702673673999925,0.6702673673999925,512,76.38742760013498,32,1.0,1.0,1.0,16.0,16.0,0.1642909239999426,0.1642909239999426,1.0,1.0,1.0,16.0,16.0,0.1642909239999426,0.1642909239999426,1.0,2.0,2.0,32.0,32.0,0.3294826470000771,0.3294826470000771,1.0,4.0,4.0,64.0,64.0,0.6631879859996843,0.6631879859996843,0.7444444444444445
16,32,512,6,no_disease_to_disease,10,10,1.0,1.0,1.0,1.0,1.0,1.0,0.07504862546920776,0.8222222222222223,0.07221698015928268,0.8788186837086659,0.8788186837086659,0.0,0.82,0.8787878787878788,0.8787878787878788,81,1.0,4.639199256896973,1.244764804840088,1.0,1.0,1.0,1.0,0.8833597883597882,6.685583693000808,6.685583693000808,6.685583693000808,0.6685583693000808,512,76.58269247844686,32,1.0,2.0,2.0,32.0,32.0,0.32349302800048463,0.32349302800048463,1.0,2.0,2.0,32.0,32.0,0.32349302800048463,0.32349302800048463,1.0,4.0,4.0,64.0,64.0,0.8312766520002697,0.8312766520002697,1.0,5.0,5.0,80.0,80.0,1.0763574640004663,1.0763574640004663,0.8222222222222223
16,32,512,7,no_disease_to_disease,10,10,1.0,1.0,1.0,1.0,1.0,1.0,0.08288752287626266,0.6611111111111111,0.07435198128223419,0.786086376578013,0.786086376578013,0.0,0.72,0.7878787878787878,0.7878787878787878,81,1.0,2.801842212677002,0.468228816986084,0.9833333333333334,0.9,0.9,0.0,0.9508888333888335,8.16544347099989,8.16544347099989,8.16544347099989,0.8165443470999889,512,62.70326918781591,32,1.0,1.0,1.0,16.0,16.0,0.23542630199972336,0.23542630199972336,1.0,1.0,1.0,16.0,16.0,0.23542630199972336,0.23542630199972336,1.0,1.0,1.0,16.0,16.0,0.23542630199972336,0.23542630199972336,1.0,2.0,2.0,32.0,32.0,0.4752867899997,0.4752867899997,0.6611111111111111
32,16,512,0,disease_to_no_disease,10,10,1.0,1.0,1.0,1.0,1.0,1.0,0.09857138246297836,0.7833333333333334,0.08372386544942856,0.907603711857273,0.907603711857273,0.0,0.0,0.9696969696969697,0.9696969696969697,81,1.0,12.798748016357422,0.33861207962036133,0.95,0.9,0.9,0.0,0.8495509120509122,4.053126005999729,4.053126005999729,4.053126005999729,0.4053126005999729,512,126.32225083604622,16,1.0,1.0,1.0,32.0,32.0,0.24161800799993216,0.24161800799993216,1.0,1.0,1.0,32.0,32.0,0.24161800799993216,0.24161800799993216,1.0,1.0,1.0,32.0,32.0,0.24161800799993216,0.24161800799993216,1.0,1.0,1.0,32.0,32.0,0.24161800799993216,0.24161800799993216,0.7833333333333334
32,16,512,1,disease_to_no_disease,10,10,1.0,1.0,1.0,1.0,1.0,1.0,0.10384650528430939,0.7333333333333334,0.10599002987146378,0.8738149139426744,0.8738149139426744,0.1,0.26000000000000006,0.9696969696969697,0.9696969696969697,81,1.0,6.67706823348999,0.38027238845825195,0.9666666666666666,0.9,0.9,0.0,0.9307910607910609,3.9313938770001187,3.9313938770001187,3.9313938770001187,0.3931393877000119,512,130.2337074378021,16,1.0,1.0,1.0,32.0,32.0,0.23468258299999434,0.23468258299999434,1.0,1.0,1.0,32.0,32.0,0.23468258299999434,0.23468258299999434,1.0,1.0,1.0,32.0,32.0,0.23468258299999434,0.23468258299999434,1.0,2.0,2.0,64.0,64.0,0.47945062599956145,0.47945062599956145,0.7333333333333334
32,16,512,2,disease_to_no_disease,10,10,1.0,1.0,1.0,1.0,1.0,1.0,0.06954605132341385,0.7500000000000001,0.0623447522521019,0.7052236227997787,0.7052236227997787,0.0,0.45999999999999996,0.9090909090909091,0.9090909090909091,81,1.0,5.190908908843994,0.29668760299682617,0.95,0.7,0.7,0.0,0.9143275243275244,3.883327391000421,3.883327391000421,3.883327391000421,0.38833273910004207,512,131.84569531442438,16,1.0,1.0,1.0,32.0,32.0,0.23590472800060525,0.23590472800060525,1.0,2.0,2.0,64.0,64.0,0.47856536400013283,0.47856536400013283,1.0,2.0,2.0,64.0,64.0,0.47856536400013283,0.47856536400013283,1.0,3.0,3.0,96.0,96.0,0.718388903000232,0.718388903000232,0.7500000000000001
32,16,512,3,disease_to_no_disease,10,10,1.0,1.0,1.0,1.0,1.0,1.0,0.08175501972436905,0.7611111111111112,0.10242810845375061,0.6960009187621748,0.6960009187621748,0.0,0.76,0.7272727272727273,0.7272727272727273,81,1.0,16.18277931213379,3.887155055999756,1.0,1.0,1.0,1.0,0.9472446997446997,3.9434394920008344,3.9434394920008344,3.9434394920008344,0.3943439492000834,512,129.8358960594118,16,1.0,1.0,1.0,32.0,32.0,0.2727223130004859,0.2727223130004859,1.0,1.0,1.0,32.0,32.0,0.2727223130004859,0.2727223130004859,1.0,1.0,1.0,32.0,32.0,0.2727223130004859,0.2727223130004859,1.0,1.0,1.0,32.0,32.0,0.2727223130004859,0.2727223130004859,0.7611111111111112
32,16,512,4,no_disease_to_disease,10,10,1.0,1.0,1.0,1.0,1.0,1.0,0.12585434317588806,0.5833333333333333,0.1272498071193695,0.8651893444570483,0.8651893444570483,0.0,0.9800000000000001,0.9393939393939394,0.9393939393939394,81,1.0,13.911272048950195,0.7536282539367676,0.9666666666666668,0.8,0.8,0.0,0.9581826234767412,4.047951231999832,4.047951231999832,4.047951231999832,0.40479512319998323,512,126.48373724281598,16,1.0,1.0,1.0,32.0,32.0,0.23906050200002937,0.23906050200002937,1.0,1.0,1.0,32.0,32.0,0.23906050200002937,0.23906050200002937,1.0,1.0,1.0,32.0,32.0,0.23906050200002937,0.23906050200002937,1.0,1.0,1.0,32.0,32.0,0.23906050200002937,0.23906050200002937,0.5833333333333333
32,16,512,5,no_disease_to_disease,10,10,1.0,1.0,1.0,1.0,1.0,1.0,0.08258616179227829,0.7722222222222223,0.0802207887172699,0.8916452474397379,0.8916452474397379,0.0,1.0,0.8787878787878788,0.8787878787878788,81,1.0,19.40740203857422,0.9267077445983887,1.0,1.0,1.0,1.0,0.9550355200355198,3.7385190209997745,3.7385190209997745,3.7385190209997745,0.37385190209997743,512,136.9526267283985,16,1.0,1.0,1.0,32.0,32.0,0.16330416500022693,0.16330416500022693,1.0,1.0,1.0,32.0,32.0,0.16330416500022693,0.16330416500022693,1.0,1.0,1.0,32.0,32.0,0.16330416500022693,0.16330416500022693,1.0,2.0,2.0,64.0,64.0,0.3299017339995771,0.3299017339995771,0.7722222222222223
32,16,512,6,no_disease_to_disease,10,10,1.0,1.0,1.0,1.0,1.0,1.0,0.12733711302280426,0.7666666666666667,0.10587260872125626,1.1643608588238505,1.1643608588238505,0.1,0.9200000000000002,0.9090909090909091,0.9090909090909091,81,1.0,16.100852966308594,1.068260669708252,0.9833333333333334,0.9,0.9,0.0,0.9334547859547861,3.866105353000421,3.866105353000421,3.866105353000421,0.3866105353000421,512,132.43301805074847,16,1.0,1.0,1.0,32.0,32.0,0.16296355000031326,0.16296355000031326,1.0,2.0,2.0,64.0,64.0,0.40305136000006314,0.40305136000006314,1.0,2.0,2.0,64.0,64.0,0.40305136000006314,0.40305136000006314,1.0,3.0,3.0,96.0,96.0,0.6449964940002246,0.6449964940002246,0.7666666666666667
32,16,512,7,no_disease_to_disease,10,10,1.0,1.0,1.0,1.0,1.0,1.0,0.07344180345535278,0.6444444444444445,0.04831541329622269,0.7314748556256934,0.7314748556256934,0.0,0.8,0.9090909090909091,0.9090909090909091,81,1.0,1.6747114658355713,0.35385656356811523,0.9666666666666668,0.8,0.8,0.0,0.9567705905205907,4.136004624999259,4.136004624999259,4.136004624999259,0.41360046249992594,512,123.79096408773762,16,1.0,1.0,1.0,32.0,32.0,0.27887338399978034,0.27887338399978034,1.0,1.0,1.0,32.0,32.0,0.27887338399978034,0.27887338399978034,1.0,1.0,1.0,32.0,32.0,0.27887338399978034,0.27887338399978034,1.0,1.0,1.0,32.0,32.0,0.27887338399978034,0.27887338399978034,0.6444444444444445
64,8,512,0,disease_to_no_disease,10,10,1.0,1.0,1.0,1.0,1.0,1.0,0.08249706029891968,0.7666666666666667,0.09180699288845062,0.7708632735718196,0.7708632735718196,0.0,0.0,0.7575757575757576,0.7575757575757576,81,1.0,5.112808704376221,0.17839384078979492,0.95,0.9,0.9,0.0,0.8678354978354978,2.055280589999711,2.055280589999711,2.055280589999711,0.20552805899997112,512,249.11440437437886,8,1.0,1.0,1.0,64.0,64.0,0.2515838970002733,0.2515838970002733,1.0,1.0,1.0,64.0,64.0,0.2515838970002733,0.2515838970002733,1.0,1.0,1.0,64.0,64.0,0.2515838970002733,0.2515838970002733,1.0,1.0,1.0,64.0,64.0,0.2515838970002733,0.2515838970002733,0.7666666666666667
64,8,512,1,disease_to_no_disease,10,10,1.0,1.0,1.0,1.0,1.0,1.0,0.10721824318170547,0.7666666666666667,0.07628994435071945,0.8339274934036955,0.8339274934036955,0.0,0.02,0.9090909090909091,0.9090909090909091,81,1.0,8.540536880493164,0.2748751640319824,0.9333333333333333,0.8,0.8,0.0,0.9192809042809043,2.07125906499914,2.07125906499914,2.07125906499914,0.20712590649991397,512,247.19264173755715,8,1.0,1.0,1.0,64.0,64.0,0.25141358699966077,0.25141358699966077,1.0,1.0,1.0,64.0,64.0,0.25141358699966077,0.25141358699966077,1.0,1.0,1.0,64.0,64.0,0.25141358699966077,0.25141358699966077,1.0,1.0,1.0,64.0,64.0,0.25141358699966077,0.25141358699966077,0.7666666666666667
64,8,512,2,disease_to_no_disease,10,10,1.0,1.0,1.0,1.0,1.0,1.0,0.06461472064256668,0.7833333333333334,0.051727015525102615,0.6978802872428529,0.6978802872428529,0.0,0.6799999999999999,0.9090909090909091,0.9090909090909091,81,1.0,2.146141290664673,0.35797834396362305,0.9333333333333333,0.7,0.7,0.0,0.8906391756391756,2.069418154000232,2.069418154000232,2.069418154000232,0.20694181540002318,512,247.41253912859153,8,1.0,1.0,1.0,64.0,64.0,0.2518861210000978,0.2518861210000978,1.0,1.0,1.0,64.0,64.0,0.2518861210000978,0.2518861210000978,1.0,2.0,2.0,128.0,128.0,0.5057768320002651,0.5057768320002651,1.0,2.0,2.0,128.0,128.0,0.5057768320002651,0.5057768320002651,0.7833333333333334
64,8,512,3,disease_to_no_disease,10,10,1.0,1.0,1.0,1.0,1.0,1.0,0.06948205083608627,0.8,0.0837891697883606,0.5979390345489187,0.5979390345489187,0.0,0.6000000000000001,0.7272727272727273,0.7272727272727273,81,1.0,7.419122219085693,0.4515671730041504,0.95,0.9,0.9,0.0,0.9282852332852333,2.102396432000205,2.102396432000205,2.102396432000205,0.2102396432000205,512,243.5316157347579,8,1.0,1.0,1.0,64.0,64.0,0.254723482999907,0.254723482999907,1.0,1.0,1.0,64.0,64.0,0.254723482999907,0.254723482999907,1.0,1.0,1.0,64.0,64.0,0.254723482999907,0.254723482999907,1.0,1.0,1.0,64.0,64.0,0.254723482999907,0.254723482999907,0.8
64,8,512,4,no_disease_to_disease,10,10,1.0,1.0,1.0,1.0,1.0,1.0,0.10209077596664429,0.5833333333333334,0.09737233072519302,0.6805471080110822,0.6805471080110822,0.1,0.9800000000000001,0.9090909090909091,0.9090909090909091,81,1.0,6.428141117095947,0.8883929252624512,0.9833333333333334,0.9,0.9,0.0,0.9563453647315878,2.0801185400005124,2.0801185400005124,2.0801185400005124,0.20801185400005123,512,246.13981855085714,8,1.0,1.0,1.0,64.0,64.0,0.24731694100046298,0.24731694100046298,1.0,1.0,1.0,64.0,64.0,0.24731694100046298,0.24731694100046298,1.0,1.0,1.0,64.0,64.0,0.24731694100046298,0.24731694100046298,1.0,1.0,1.0,64.0,64.0,0.24731694100046298,0.24731694100046298,0.5833333333333334
64,8,512,5,no_disease_to_disease,10,10,1.0,1.0,1.0,1.0,1.0,1.0,0.08219882100820541,0.8111111111111111,0.10996190458536148,0.793655463994924,0.793655463994924,0.0,0.86,0.7878787878787878,0.7878787878787878,81,1.0,6.0054497718811035,1.1831822395324707,0.95,0.9,0.9,0.0,0.9198003848003846,1.968572949999725,1.968572949999725,1.968572949999725,0.1968572949999725,512,260.0868817180849,8,1.0,1.0,1.0,64.0,64.0,0.17458688900023844,0.17458688900023844,1.0,1.0,1.0,64.0,64.0,0.17458688900023844,0.17458688900023844,1.0,1.0,1.0,64.0,64.0,0.17458688900023844,0.17458688900023844,1.0,1.0,1.0,64.0,64.0,0.17458688900023844,0.17458688900023844,0.8111111111111111
64,8,512,6,no_disease_to_disease,10,10,1.0,1.0,1.0,1.0,1.0,1.0,0.09195594489574432,0.7722222222222223,0.08163703233003616,0.8191134982706669,0.8191134982706669,0.1,0.8400000000000001,0.9393939393939394,0.9393939393939394,81,1.0,4.863188743591309,0.3162398338317871,0.9833333333333334,0.9,0.9,0.0,0.9088985088985091,2.0286843040003077,2.0286843040003077,2.0286843040003077,0.20286843040003077,512,252.3803230450401,8,1.0,1.0,1.0,64.0,64.0,0.24582000300051732,0.24582000300051732,1.0,1.0,1.0,64.0,64.0,0.24582000300051732,0.24582000300051732,1.0,1.0,1.0,64.0,64.0,0.24582000300051732,0.24582000300051732,1.0,2.0,2.0,128.0,128.0,0.4947209390002172,0.4947209390002172,0.7722222222222223
64,8,512,7,no_disease_to_disease,10,10,1.0,1.0,1.0,1.0,1.0,1.0,0.07697592675685883,0.7166666666666667,0.057023487985134125,0.7329711330296453,0.7329711330296453,0.0,0.9400000000000001,0.9090909090909091,0.9090909090909091,81,1.0,3.914193630218506,0.29593896865844727,0.95,0.8,0.8,0.0,0.933100603100603,2.1068365639994227,2.1068365639994227,2.1068365639994227,0.21068365639994227,512,243.01837586683365,8,1.0,1.0,1.0,64.0,64.0,0.2533132389999082,0.2533132389999082,1.0,1.0,1.0,64.0,64.0,0.2533132389999082,0.2533132389999082,1.0,1.0,1.0,64.0,64.0,0.2533132389999082,0.2533132389999082,1.0,1.0,1.0,64.0,64.0,0.2533132389999082,0.2533132389999082,0.7166666666666667
128,4,512,0,disease_to_no_disease,10,10,1.0,1.0,1.0,1.0,1.0,1.0,0.11094359308481216,0.6444444444444445,0.0957193449139595,0.7721232508004989,0.7721232508004989,0.0,0.0,0.9696969696969697,0.9696969696969697,81,1.0,4.911270618438721,0.22675418853759766,0.8833333333333334,0.7,0.7,0.0,0.9163879013143719,1.1289228440000443,1.1289228440000443,1.1289228440000443,0.11289228440000443,512,453.52966566418417,4,1.0,1.0,1.0,128.0,128.0,0.2700357249996159,0.2700357249996159,1.0,1.0,1.0,128.0,128.0,0.2700357249996159,0.2700357249996159,1.0,1.0,1.0,128.0,128.0,0.2700357249996159,0.2700357249996159,1.0,1.0,1.0,128.0,128.0,0.2700357249996159,0.2700357249996159,0.6444444444444445
128,4,512,1,disease_to_no_disease,10,10,1.0,1.0,1.0,1.0,1.0,1.0,0.11483540385961533,0.6611111111111111,0.08901767432689667,0.8084703078552314,0.8084703078552314,0.0,0.0,0.9696969696969697,0.9696969696969697,81,1.0,5.793837547302246,2.1997838020324707,1.0,1.0,1.0,1.0,0.9465978465978466,1.110585240000546,1.110585240000546,1.110585240000546,0.1110585240000546,512,461.01819253400873,4,1.0,1.0,1.0,128.0,128.0,0.27082103400061897,0.27082103400061897,1.0,1.0,1.0,128.0,128.0,0.27082103400061897,0.27082103400061897,1.0,1.0,1.0,128.0,128.0,0.27082103400061897,0.27082103400061897,1.0,1.0,1.0,128.0,128.0,0.27082103400061897,0.27082103400061897,0.6611111111111111
128,4,512,2,disease_to_no_disease,10,10,1.0,1.0,1.0,1.0,1.0,1.0,0.06984150409698486,0.7555555555555556,0.05569654703140259,0.6886142112154483,0.6886142112154483,0.0,0.8400000000000001,0.9393939393939394,0.9393939393939394,81,1.0,2.597691059112549,0.35797882080078125,0.9833333333333334,0.9,0.9,0.0,0.9149705849705849,1.0570797610007503,1.0570797610007503,1.0570797610007503,0.10570797610007503,512,484.35323320851717,4,1.0,1.0,1.0,128.0,128.0,0.2458050210007059,0.2458050210007059,1.0,1.0,1.0,128.0,128.0,0.2458050210007059,0.2458050210007059,1.0,1.0,1.0,128.0,128.0,0.2458050210007059,0.2458050210007059,1.0,2.0,2.0,256.0,256.0,0.5170547200004876,0.5170547200004876,0.7555555555555556
128,4,512,3,disease_to_no_disease,10,10,1.0,1.0,1.0,1.0,1.0,1.0,0.10617196559906006,0.6444444444444445,0.10103818774223328,0.6114455887663162,0.6114455887663162,0.0,0.78,0.8484848484848485,0.8484848484848485,81,1.0,15.173070907592773,5.3128180503845215,1.0,1.0,1.0,1.0,0.9687438949938949,1.200750529999823,1.200750529999823,1.200750529999823,0.12007505299998229,512,426.3999783536015,4,1.0,1.0,1.0,128.0,128.0,0.28900946299927455,0.28900946299927455,1.0,1.0,1.0,128.0,128.0,0.28900946299927455,0.28900946299927455,1.0,1.0,1.0,128.0,128.0,0.28900946299927455,0.28900946299927455,1.0,1.0,1.0,128.0,128.0,0.28900946299927455,0.28900946299927455,0.6444444444444445
128,4,512,4,no_disease_to_disease,10,10,1.0,1.0,1.0,1.0,1.0,1.0,0.10071136057376862,0.538888888888889,0.1069774180650711,0.7355698421280384,0.7355698421280384,0.0,0.9800000000000001,0.9393939393939394,0.9393939393939394,81,1.0,4.4365949630737305,0.5606522560119629,0.9333333333333333,0.9,0.9,0.0,0.9591570019820793,1.054362100000617,1.054362100000617,1.054362100000617,0.10543621000006169,512,485.6016732768566,4,1.0,1.0,1.0,128.0,128.0,0.2512558390008053,0.2512558390008053,1.0,1.0,1.0,128.0,128.0,0.2512558390008053,0.2512558390008053,1.0,1.0,1.0,128.0,128.0,0.2512558390008053,0.2512558390008053,1.0,1.0,1.0,128.0,128.0,0.2512558390008053,0.2512558390008053,0.538888888888889
128,4,512,5,no_disease_to_disease,10,10,1.0,1.0,1.0,1.0,1.0,1.0,0.13493797183036804,0.638888888888889,0.1234150156378746,0.7070008310654785,0.7070008310654785,0.0,0.8800000000000001,0.7878787878787878,0.7878787878787878,81,1.0,3.6659176349639893,0.31156206130981445,0.9833333333333334,0.9,0.9,0.0,0.9708562271062272,1.23255478900046,1.23255478900046,1.23255478900046,0.123255478900046,512,415.3973556138679,4,1.0,1.0,1.0,128.0,128.0,0.25963089500055503,0.25963089500055503,1.0,1.0,1.0,128.0,128.0,0.25963089500055503,0.25963089500055503,1.0,1.0,1.0,128.0,128.0,0.25963089500055503,0.25963089500055503,1.0,1.0,1.0,128.0,128.0,0.25963089500055503,0.25963089500055503,0.638888888888889
128,4,512,6,no_disease_to_disease,10,10,1.0,1.0,1.0,1.0,1.0,1.0,0.1374320238828659,0.5944444444444444,0.11040730029344559,0.8099401968780005,0.8099401968780005,0.1,0.9800000000000001,0.8787878787878788,0.8787878787878788,81,1.0,9.784496307373047,1.4054532051086426,0.9833333333333334,0.9,0.9,0.0,0.9600541669659318,1.0810139899995193,1.0810139899995193,1.0810139899995193,0.10810139899995193,512,473.6293930851234,4,1.0,1.0,1.0,128.0,128.0,0.24428772999999637,0.24428772999999637,1.0,1.0,1.0,128.0,128.0,0.24428772999999637,0.24428772999999637,1.0,1.0,1.0,128.0,128.0,0.24428772999999637,0.24428772999999637,1.0,1.0,1.0,128.0,128.0,0.24428772999999637,0.24428772999999637,0.5944444444444444
128,4,512,7,no_disease_to_disease,10,10,1.0,1.0,1.0,1.0,1.0,1.0,0.08009074628353119,0.6888888888888889,0.07668053358793259,0.7362074133102712,0.7362074133102712,0.0,0.76,0.8787878787878788,0.8787878787878788,81,1.0,4.587514400482178,0.35385656356811523,0.9833333333333334,0.9,0.9,0.0,0.943059718059718,1.1363515680004639,1.1363515680004639,1.1363515680004639,0.11363515680004639,512,450.56478506992386,4,1.0,1.0,1.0,128.0,128.0,0.289075751999917,0.289075751999917,1.0,1.0,1.0,128.0,128.0,0.289075751999917,0.289075751999917,1.0,1.0,1.0,128.0,128.0,0.289075751999917,0.289075751999917,1.0,1.0,1.0,128.0,128.0,0.289075751999917,0.289075751999917,0.6888888888888889
256,2,512,0,disease_to_no_disease,10,10,1.0,1.0,1.0,1.0,1.0,1.0,0.10437892377376556,0.6222222222222221,0.07080322504043579,0.7218112948106337,0.7218112948106337,0.0,0.06,0.9090909090909091,0.9090909090909091,81,1.0,4.922831058502197,0.2890462875366211,0.9166666666666666,0.8,0.8,0.0,0.9270343499523067,0.7357450290000997,0.7357450290000997,0.7357450290000997,0.07357450290000997,512,695.8932508124776,2,1.0,1.0,1.0,256.0,256.0,0.3530328489996464,0.3530328489996464,1.0,1.0,1.0,256.0,256.0,0.3530328489996464,0.3530328489996464,1.0,1.0,1.0,256.0,256.0,0.3530328489996464,0.3530328489996464,1.0,1.0,1.0,256.0,256.0,0.3530328489996464,0.3530328489996464,0.6222222222222221
256,2,512,1,disease_to_no_disease,10,10,1.0,1.0,1.0,1.0,1.0,1.0,0.10921625792980194,0.611111111111111,0.07900254428386688,0.7663319890024212,0.7663319890024212,0.0,0.02,0.9393939393939394,0.9393939393939394,81,1.0,2.949486017227173,0.1207127571105957,0.95,0.8,0.8,0.0,0.9620833333333334,0.7369869720005227,0.7369869720005227,0.7369869720005227,0.07369869720005226,512,694.7205574207042,2,1.0,1.0,1.0,256.0,256.0,0.3671284710007967,0.3671284710007967,1.0,1.0,1.0,256.0,256.0,0.3671284710007967,0.3671284710007967,1.0,1.0,1.0,256.0,256.0,0.3671284710007967,0.3671284710007967,1.0,1.0,1.0,256.0,256.0,0.3671284710007967,0.3671284710007967,0.611111111111111
256,2,512,2,disease_to_no_disease,10,10,1.0,1.0,1.0,1.0,1.0,1.0,0.06344247609376907,0.75,0.04998235031962395,0.6846468888629358,0.6846468888629358,0.0,0.7,0.8484848484848485,0.8484848484848485,81,1.0,2.443966865539551,0.21076583862304688,0.9,0.7,0.7,0.0,0.9121263921263921,0.6083856630002629,0.6083856630002629,0.6083856630002629,0.060838566300026285,512,841.5714424877543,2,1.0,1.0,1.0,256.0,256.0,0.2583477230000426,0.2583477230000426,1.0,1.0,1.0,256.0,256.0,0.2583477230000426,0.2583477230000426,1.0,1.0,1.0,256.0,256.0,0.2583477230000426,0.2583477230000426,1.0,2.0,2.0,512.0,512.0,0.6083465499996237,0.6083465499996237,0.75
256,2,512,3,disease_to_no_disease,10,10,1.0,1.0,1.0,1.0,1.0,1.0,0.11125823110342026,0.5444444444444445,0.11711043119430542,0.5883975097342686,0.5883975097342686,0.0,0.72,0.7272727272727273,0.7272727272727273,81,1.0,10.753281593322754,0.3088393211364746,0.9333333333333332,0.8,0.8,0.0,0.9750364063754157,0.8694211510000969,0.8694211510000969,0.8694211510000969,0.08694211510000968,512,588.8975663992593,2,1.0,1.0,1.0,256.0,256.0,0.4231734309996682,0.4231734309996682,1.0,1.0,1.0,256.0,256.0,0.4231734309996682,0.4231734309996682,1.0,1.0,1.0,256.0,256.0,0.4231734309996682,0.4231734309996682,1.0,1.0,1.0,256.0,256.0,0.4231734309996682,0.4231734309996682,0.5444444444444445
256,2,512,4,no_disease_to_disease,10,10,1.0,1.0,1.0,1.0,1.0,1.0,0.09653604030609131,0.5611111111111111,0.0874539241194725,0.6844641107519992,0.6844641107519992,0.0,0.96,0.9090909090909091,0.9090909090909091,81,1.0,3.7607486248016357,1.074373722076416,1.0,1.0,1.0,1.0,0.9567293233082708,0.5986107790004098,0.5986107790004098,0.5986107790004098,0.059861077900040985,512,855.313699587841,2,1.0,1.0,1.0,256.0,256.0,0.29333165400021244,0.29333165400021244,1.0,1.0,1.0,256.0,256.0,0.29333165400021244,0.29333165400021244,1.0,1.0,1.0,256.0,256.0,0.29333165400021244,0.29333165400021244,1.0,1.0,1.0,256.0,256.0,0.29333165400021244,0.29333165400021244,0.5611111111111111
256,2,512,5,no_disease_to_disease,10,10,1.0,1.0,1.0,1.0,1.0,1.0,0.12733890116214752,0.6277777777777779,0.08262346684932709,0.5867772541732006,0.5867772541732006,0.1,0.9199999999999999,0.8787878787878788,0.8787878787878788,81,1.0,4.571801662445068,0.8193545341491699,1.0,1.0,1.0,1.0,0.9774302413273002,0.7809821820001162,0.7809821820001162,0.7809821820001162,0.07809821820001162,512,655.5847390637701,2,1.0,1.0,1.0,256.0,256.0,0.3895900020006593,0.3895900020006593,1.0,1.0,1.0,256.0,256.0,0.3895900020006593,0.3895900020006593,1.0,1.0,1.0,256.0,256.0,0.3895900020006593,0.3895900020006593,1.0,1.0,1.0,256.0,256.0,0.3895900020006593,0.3895900020006593,0.6277777777777779
256,2,512,6,no_disease_to_disease,10,10,1.0,1.0,1.0,1.0,1.0,1.0,0.1540297120809555,0.5111111111111112,0.12037959694862366,0.6830494604404492,0.6830494604404492,0.0,0.96,0.7878787878787878,0.7878787878787878,81,1.0,6.1493425369262695,1.0761942863464355,0.9833333333333334,0.9,0.9,0.0,0.9707705538355693,0.6203046800001175,0.6203046800001175,0.6203046800001175,0.06203046800001175,512,825.4008336675826,2,1.0,1.0,1.0,256.0,256.0,0.2730897589999586,0.2730897589999586,1.0,1.0,1.0,256.0,256.0,0.2730897589999586,0.2730897589999586,1.0,1.0,1.0,256.0,256.0,0.2730897589999586,0.2730897589999586,1.0,1.0,1.0,256.0,256.0,0.2730897589999586,0.2730897589999586,0.5111111111111112
256,2,512,7,no_disease_to_disease,10,10,1.0,1.0,1.0,1.0,1.0,1.0,0.08110827207565308,0.6555555555555556,0.05602026358246803,0.7192066627473747,0.7192066627473747,0.0,0.9199999999999999,0.9696969696969697,0.9696969696969697,81,1.0,3.590505599975586,1.2007355690002441,1.0,1.0,1.0,1.0,0.9486101398601399,0.7085879400001431,0.7085879400001431,0.7085879400001431,0.07085879400001431,512,722.5638076762873,2,1.0,1.0,1.0,256.0,256.0,0.35242883899991284,0.35242883899991284,1.0,1.0,1.0,256.0,256.0,0.35242883899991284,0.35242883899991284,1.0,1.0,1.0,256.0,256.0,0.35242883899991284,0.35242883899991284,1.0,1.0,1.0,256.0,256.0,0.35242883899991284,0.35242883899991284,0.6555555555555556
512,1,512,0,disease_to_no_disease,10,10,1.0,1.0,1.0,1.0,1.0,1.0,0.0977293998003006,0.5833333333333333,0.04136571288108826,0.6229219915978994,0.6229219915978994,0.0,0.0,0.8181818181818182,0.8181818181818182,81,1.0,3.9836783409118652,0.4023933410644531,0.9666666666666666,0.9,0.9,0.0,0.9277742763772177,0.6969492069993066,0.6969492069993066,0.6969492069993066,0.06969492069993066,512,734.630292793359,1,1.0,1.0,1.0,512.0,512.0,0.696845451999252,0.696845451999252,1.0,1.0,1.0,512.0,512.0,0.696845451999252,0.696845451999252,1.0,1.0,1.0,512.0,512.0,0.696845451999252,0.696845451999252,1.0,1.0,1.0,512.0,512.0,0.696845451999252,0.696845451999252,0.5833333333333333
512,1,512,1,disease_to_no_disease,10,10,1.0,1.0,1.0,1.0,1.0,1.0,0.10537697374820709,0.5222222222222223,0.059428293257951736,0.7224079351602323,0.7224079351602323,0.0,0.04,0.7878787878787878,0.7878787878787878,81,1.0,1.2369472980499268,0.4351010322570801,0.9166666666666666,0.8,0.8,0.0,0.9661879371631693,0.7895847429999776,0.7895847429999776,0.7895847429999776,0.07895847429999776,512,648.4421140847886,1,1.0,1.0,1.0,512.0,512.0,0.7895383000004585,0.7895383000004585,1.0,1.0,1.0,512.0,512.0,0.7895383000004585,0.7895383000004585,1.0,1.0,1.0,512.0,512.0,0.7895383000004585,0.7895383000004585,1.0,1.0,1.0,512.0,512.0,0.7895383000004585,0.7895383000004585,0.5222222222222223
512,1,512,2,disease_to_no_disease,10,10,1.0,1.0,1.0,1.0,1.0,1.0,0.057579319924116135,0.7055555555555555,0.04183086007833481,0.6072208994626849,0.6072208994626849,0.0,0.74,0.9393939393939394,0.9393939393939394,81,1.0,0.8069229125976562,0.15659093856811523,0.8,0.5,0.5,0.0,0.9231923196629079,0.26090695899983984,0.26090695899983984,0.26090695899983984,0.026090695899983984,512,1962.385372788444,1,1.0,1.0,1.0,512.0,512.0,0.26086534800015215,0.26086534800015215,1.0,1.0,1.0,512.0,512.0,0.26086534800015215,0.26086534800015215,1.0,1.0,1.0,512.0,512.0,0.26086534800015215,0.26086534800015215,1.0,1.0,1.0,512.0,512.0,0.26086534800015215,0.26086534800015215,0.7055555555555555
512,1,512,3,disease_to_no_disease,10,10,1.0,1.0,1.0,1.0,1.0,1.0,0.10477664321660995,0.5,0.06385349482297897,0.41248702591355857,0.41248702591355857,0.1,0.8,0.7878787878787878,0.7878787878787878,81,1.0,9.173052787780762,1.0864930152893066,1.0,1.0,1.0,1.0,0.9836729450136369,0.9276081680000061,0.9276081680000061,0.9276081680000061,0.09276081680000062,512,551.9571923389926,1,1.0,1.0,1.0,512.0,512.0,0.9275568200000635,0.9275568200000635,1.0,1.0,1.0,512.0,512.0,0.9275568200000635,0.9275568200000635,1.0,1.0,1.0,512.0,512.0,0.9275568200000635,0.9275568200000635,1.0,1.0,1.0,512.0,512.0,0.9275568200000635,0.9275568200000635,0.5
512,1,512,4,no_disease_to_disease,10,10,1.0,1.0,1.0,1.0,1.0,1.0,0.08521460741758347,0.5333333333333333,0.05824467912316322,0.5849959536772298,0.5849959536772298,0.0,1.0,0.8484848484848485,0.8484848484848485,81,1.0,2.0854954719543457,0.657996654510498,0.95,0.9,0.9,0.0,0.9628358273133817,0.43915370299964707,0.43915370299964707,0.43915370299964707,0.04391537029996471,512,1165.8788176048045,1,1.0,1.0,1.0,512.0,512.0,0.4390805579996595,0.4390805579996595,1.0,1.0,1.0,512.0,512.0,0.4390805579996595,0.4390805579996595,1.0,1.0,1.0,512.0,512.0,0.4390805579996595,0.4390805579996595,1.0,1.0,1.0,512.0,512.0,0.4390805579996595,0.4390805579996595,0.5333333333333333
512,1,512,5,no_disease_to_disease,10,10,1.0,1.0,1.0,1.0,1.0,1.0,0.13110218942165375,0.5277777777777778,0.07034101337194443,0.456104145958685,0.456104145958685,0.2,0.86,0.8484848484848485,0.8484848484848485,81,1.0,1.9849544763565063,0.4759058952331543,0.9666666666666668,0.8,0.8,0.0,0.9843400986125446,0.44267946199943253,0.44267946199943253,0.44267946199943253,0.04426794619994325,512,1156.5930745634103,1,1.0,1.0,1.0,512.0,512.0,0.4426368590002312,0.4426368590002312,1.0,1.0,1.0,512.0,512.0,0.4426368590002312,0.4426368590002312,1.0,1.0,1.0,512.0,512.0,0.4426368590002312,0.4426368590002312,1.0,1.0,1.0,512.0,512.0,0.4426368590002312,0.4426368590002312,0.5277777777777778
512,1,512,6,no_disease_to_disease,10,10,1.0,1.0,1.0,1.0,1.0,1.0,0.15352074801921844,0.35555555555555557,0.05997266620397568,0.5360766930448984,0.5360766930448984,0.2,0.96,0.9090909090909091,0.9090909090909091,81,1.0,2.0169692039489746,0.20785093307495117,0.8833333333333334,0.7,0.7,0.0,0.988368264585656,0.330284980000215,0.330284980000215,0.330284980000215,0.0330284980000215,512,1550.1764567061655,1,1.0,1.0,1.0,512.0,512.0,0.3302413399997022,0.3302413399997022,1.0,1.0,1.0,512.0,512.0,0.3302413399997022,0.3302413399997022,1.0,1.0,1.0,512.0,512.0,0.3302413399997022,0.3302413399997022,1.0,1.0,1.0,512.0,512.0,0.3302413399997022,0.3302413399997022,0.35555555555555557
512,1,512,7,no_disease_to_disease,10,10,1.0,1.0,1.0,1.0,1.0,1.0,0.07845181226730347,0.6111111111111112,0.042286429554224014,0.6981506260734609,0.6981506260734609,0.0,0.86,0.8787878787878788,0.8787878787878788,81,1.0,3.407597064971924,0.5545907020568848,1.0,1.0,1.0,1.0,0.9599193480811129,0.6718637510002736,0.6718637510002736,0.6718637510002736,0.06718637510002737,512,762.0592705555736,1,1.0,1.0,1.0,512.0,512.0,0.6718174610005008,0.6718174610005008,1.0,1.0,1.0,512.0,512.0,0.6718174610005008,0.6718174610005008,1.0,1.0,1.0,512.0,512.0,0.6718174610005008,0.6718174610005008,1.0,1.0,1.0,512.0,512.0,0.6718174610005008,0.6718174610005008,0.6111111111111112
