method,epsilon,search_seed,query_number,direction,returned,reference_valid_returned,returned_validity,conditional_returned_validity,valid_cfe_yield_at_k,completeness_at_k,coverage_at_1,full_k_success,proximity,sparsity,diversity,plausibility,plausibility_distance,plausibility_inlier_rate,target_data_support,local_surrogate_fidelity,fidelity,fidelity_oracle_evaluations,constraint_validity,mean_target_logit_margin,minimum_target_logit_margin,robust_validity,robust_cfe_fraction_95,robust_completeness_at_k,robust_full_k_success,changed_set_dice,runtime_seconds,generation_time_to_k_or_cap_seconds,time_to_full_k_seconds,time_per_returned_cfe_seconds,candidate_evaluations,candidate_throughput_per_second,rounds_used,k1_achieved,rounds_to_k1,rounds_to_k1_or_cap,candidates_to_k1,candidates_to_k1_or_cap,time_to_k1_seconds,time_to_k1_or_cap_seconds,k3_achieved,rounds_to_k3,rounds_to_k3_or_cap,candidates_to_k3,candidates_to_k3_or_cap,time_to_k3_seconds,time_to_k3_or_cap_seconds,k5_achieved,rounds_to_k5,rounds_to_k5_or_cap,candidates_to_k5,candidates_to_k5_or_cap,time_to_k5_seconds,time_to_k5_or_cap_seconds,k10_achieved,rounds_to_k10,rounds_to_k10_or_cap,candidates_to_k10,candidates_to_k10_or_cap,time_to_k10_seconds,time_to_k10_or_cap_seconds,group_sparsity
proposed_dp_eps16_sparse_diverse,16,11,0,disease_to_no_disease,10,10,1.0,1.0,1.0,1.0,1.0,1.0,0.08455266058444977,0.7666666666666667,0.0823991447687149,0.8196667906208714,0.8196667906208714,0.0,0.08,0.9393939393939394,0.9393939393939394,81,1.0,10.133039474487305,0.2795219421386719,1.0,1.0,1.0,1.0,0.8888282088282088,2.0814665349998904,2.0814665349998904,2.0814665349998904,0.20814665349998904,512,245.98041399691633,8,1.0,1.0,1.0,64.0,64.0,0.250862629999574,0.250862629999574,1.0,1.0,1.0,64.0,64.0,0.250862629999574,0.250862629999574,1.0,1.0,1.0,64.0,64.0,0.250862629999574,0.250862629999574,1.0,1.0,1.0,64.0,64.0,0.250862629999574,0.250862629999574,0.7666666666666667
proposed_dp_eps16_sparse_diverse,16,11,1,disease_to_no_disease,10,10,1.0,1.0,1.0,1.0,1.0,1.0,0.08696688711643219,0.8,0.05945969745516777,0.7572855702054474,0.7572855702054474,0.0,0.0,0.9393939393939394,0.9393939393939394,81,1.0,5.220067977905273,0.9195094108581543,1.0,1.0,1.0,1.0,0.9140442890442891,1.9878712199997608,1.9878712199997608,1.9878712199997608,0.19878712199997609,512,257.56195615129513,8,1.0,2.0,2.0,128.0,128.0,0.41274072999931377,0.41274072999931377,1.0,2.0,2.0,128.0,128.0,0.41274072999931377,0.41274072999931377,1.0,2.0,2.0,128.0,128.0,0.41274072999931377,0.41274072999931377,1.0,2.0,2.0,128.0,128.0,0.41274072999931377,0.41274072999931377,0.8
proposed_dp_eps16_sparse_diverse,16,11,2,disease_to_no_disease,10,10,1.0,1.0,1.0,1.0,1.0,1.0,0.07747707515954971,0.7777777777777779,0.05742635577917099,0.6744427794017366,0.6744427794017366,0.0,0.74,0.9090909090909091,0.9090909090909091,81,1.0,3.6548142433166504,0.2206120491027832,0.95,0.7,0.7,0.0,0.8971657046657047,2.033848040000521,2.033848040000521,2.033848040000521,0.2033848040000521,512,251.73955474071153,8,1.0,1.0,1.0,64.0,64.0,0.2558820880003623,0.2558820880003623,1.0,1.0,1.0,64.0,64.0,0.2558820880003623,0.2558820880003623,1.0,1.0,1.0,64.0,64.0,0.2558820880003623,0.2558820880003623,1.0,2.0,2.0,128.0,128.0,0.5076923300002818,0.5076923300002818,0.7777777777777779
proposed_dp_eps16_sparse_diverse,16,11,3,disease_to_no_disease,10,10,1.0,1.0,1.0,1.0,1.0,1.0,0.06844518333673477,0.7944444444444445,0.08479896187782288,0.6072244633708874,0.6072244633708874,0.0,0.8,0.8484848484848485,0.8484848484848485,81,1.0,11.39371395111084,1.8101563453674316,1.0,1.0,1.0,1.0,0.9419757094757093,2.135611696999149,2.135611696999149,2.135611696999149,0.2135611696999149,512,239.74395753658584,8,1.0,1.0,1.0,64.0,64.0,0.24524672999996255,0.24524672999996255,1.0,1.0,1.0,64.0,64.0,0.24524672999996255,0.24524672999996255,1.0,1.0,1.0,64.0,64.0,0.24524672999996255,0.24524672999996255,1.0,1.0,1.0,64.0,64.0,0.24524672999996255,0.24524672999996255,0.7944444444444445
proposed_dp_eps16_sparse_diverse,16,11,4,no_disease_to_disease,10,10,1.0,1.0,1.0,1.0,1.0,1.0,0.102769635617733,0.6444444444444445,0.06973223388195038,0.6297115752550515,0.6297115752550515,0.0,0.9800000000000001,0.9393939393939394,0.9393939393939394,81,1.0,6.250996112823486,0.5270342826843262,0.9,0.8,0.8,0.0,0.9373536838978016,2.1287068870005896,2.1287068870005896,2.1287068870005896,0.21287068870005896,512,240.52160639242493,8,1.0,1.0,1.0,64.0,64.0,0.24550534300033178,0.24550534300033178,1.0,1.0,1.0,64.0,64.0,0.24550534300033178,0.24550534300033178,1.0,1.0,1.0,64.0,64.0,0.24550534300033178,0.24550534300033178,1.0,2.0,2.0,128.0,128.0,0.4958658530003959,0.4958658530003959,0.6444444444444445
proposed_dp_eps16_sparse_diverse,16,11,5,no_disease_to_disease,10,10,1.0,1.0,1.0,1.0,1.0,1.0,0.11071059852838516,0.6777777777777777,0.13309575617313385,0.800226353236636,0.800226353236636,0.0,0.8,0.8181818181818182,0.8181818181818182,81,1.0,7.300408840179443,0.3700566291809082,0.9,0.8,0.8,0.0,0.9651393867570338,2.047638353000366,2.047638353000366,2.047638353000366,0.20476383530003658,512,250.04415415924205,8,1.0,1.0,1.0,64.0,64.0,0.24574003900033858,0.24574003900033858,1.0,1.0,1.0,64.0,64.0,0.24574003900033858,0.24574003900033858,1.0,1.0,1.0,64.0,64.0,0.24574003900033858,0.24574003900033858,1.0,1.0,1.0,64.0,64.0,0.24574003900033858,0.24574003900033858,0.6777777777777777
proposed_dp_eps16_sparse_diverse,16,11,6,no_disease_to_disease,10,10,1.0,1.0,1.0,1.0,1.0,1.0,0.15201117098331451,0.6611111111111112,0.1250022053718567,1.0393619600141653,1.0393619600141653,0.0,0.9200000000000002,0.9090909090909091,0.9090909090909091,81,1.0,17.738210678100586,4.279857158660889,1.0,1.0,1.0,1.0,0.961961741961742,2.0383662499998536,2.0383662499998536,2.0383662499998536,0.20383662499998537,512,251.18155287355094,8,1.0,1.0,1.0,64.0,64.0,0.25075956499949825,0.25075956499949825,1.0,1.0,1.0,64.0,64.0,0.25075956499949825,0.25075956499949825,1.0,1.0,1.0,64.0,64.0,0.25075956499949825,0.25075956499949825,1.0,1.0,1.0,64.0,64.0,0.25075956499949825,0.25075956499949825,0.6611111111111112
proposed_dp_eps16_sparse_diverse,16,11,7,no_disease_to_disease,10,10,1.0,1.0,1.0,1.0,1.0,1.0,0.08960580825805664,0.6944444444444445,0.08600755780935287,0.7647418845845549,0.7647418845845549,0.0,0.9400000000000001,0.9090909090909091,0.9090909090909091,81,1.0,10.265626907348633,0.9223904609680176,1.0,1.0,1.0,1.0,0.9405268805268806,2.069324303999565,2.069324303999565,2.069324303999565,0.2069324303999565,512,247.42376002176778,8,1.0,1.0,1.0,64.0,64.0,0.2486701850002646,0.2486701850002646,1.0,1.0,1.0,64.0,64.0,0.2486701850002646,0.2486701850002646,1.0,1.0,1.0,64.0,64.0,0.2486701850002646,0.2486701850002646,1.0,1.0,1.0,64.0,64.0,0.2486701850002646,0.2486701850002646,0.6944444444444445
proposed_dp_eps8_sparse_diverse,8,11,0,disease_to_no_disease,10,10,1.0,1.0,1.0,1.0,1.0,1.0,0.06405846029520035,0.8055555555555556,0.0895938128232956,0.7713610190673584,0.7713610190673584,0.2,0.06000000000000001,0.9393939393939394,0.9393939393939394,81,1.0,8.006406784057617,1.2832369804382324,1.0,1.0,1.0,1.0,0.8604996854996856,2.0487788030004594,2.0487788030004594,2.0487788030004594,0.20487788030004594,512,249.9049674128658,8,1.0,1.0,1.0,64.0,64.0,0.24833008499990683,0.24833008499990683,1.0,1.0,1.0,64.0,64.0,0.24833008499990683,0.24833008499990683,1.0,1.0,1.0,64.0,64.0,0.24833008499990683,0.24833008499990683,1.0,1.0,1.0,64.0,64.0,0.24833008499990683,0.24833008499990683,0.8055555555555556
proposed_dp_eps8_sparse_diverse,8,11,1,disease_to_no_disease,10,10,1.0,1.0,1.0,1.0,1.0,1.0,0.08886419981718063,0.8111111111111111,0.05947469174861908,0.899256125078965,0.899256125078965,0.0,0.08,0.9393939393939394,0.9393939393939394,81,1.0,11.252374649047852,0.6443476676940918,1.0,1.0,1.0,1.0,0.920401912901913,2.0601621790001445,2.0601621790001445,2.0601621790001445,0.20601621790001445,512,248.5241235952056,8,1.0,1.0,1.0,64.0,64.0,0.24182686999938596,0.24182686999938596,1.0,1.0,1.0,64.0,64.0,0.24182686999938596,0.24182686999938596,1.0,2.0,2.0,128.0,128.0,0.4962274379995506,0.4962274379995506,1.0,2.0,2.0,128.0,128.0,0.4962274379995506,0.4962274379995506,0.8111111111111111
proposed_dp_eps8_sparse_diverse,8,11,2,disease_to_no_disease,10,10,1.0,1.0,1.0,1.0,1.0,1.0,0.0715472400188446,0.7944444444444445,0.051080480217933655,0.7275081133079041,0.7275081133079041,0.0,0.9199999999999999,0.9393939393939394,0.9393939393939394,81,1.0,4.376038074493408,0.481687068939209,0.95,0.8,0.8,0.0,0.896967291967292,2.03201777600043,2.03201777600043,2.03201777600043,0.203201777600043,512,251.9662997278286,8,1.0,1.0,1.0,64.0,64.0,0.24183492800057138,0.24183492800057138,1.0,1.0,1.0,64.0,64.0,0.24183492800057138,0.24183492800057138,1.0,2.0,2.0,128.0,128.0,0.495708643999933,0.495708643999933,1.0,2.0,2.0,128.0,128.0,0.495708643999933,0.495708643999933,0.7944444444444445
proposed_dp_eps8_sparse_diverse,8,11,3,disease_to_no_disease,10,10,1.0,1.0,1.0,1.0,1.0,1.0,0.07845553010702133,0.7444444444444445,0.09453246742486954,0.6456010725843856,0.6456010725843856,0.0,0.7999999999999999,0.7878787878787878,0.7878787878787878,81,1.0,11.518606185913086,1.2934956550598145,0.9666666666666668,0.8,0.8,0.0,0.9605814555814558,2.011989003999588,2.011989003999588,2.011989003999588,0.2011989003999588,512,254.4745517903958,8,1.0,1.0,1.0,64.0,64.0,0.18435686799966788,0.18435686799966788,1.0,1.0,1.0,64.0,64.0,0.18435686799966788,0.18435686799966788,1.0,1.0,1.0,64.0,64.0,0.18435686799966788,0.18435686799966788,1.0,1.0,1.0,64.0,64.0,0.18435686799966788,0.18435686799966788,0.7444444444444445
proposed_dp_eps8_sparse_diverse,8,11,4,no_disease_to_disease,10,10,1.0,1.0,1.0,1.0,1.0,1.0,0.13300003111362457,0.6,0.12635430693626404,0.8610552120083312,0.8610552120083312,0.1,0.9400000000000001,0.9696969696969697,0.9696969696969697,81,1.0,13.511526107788086,0.9376883506774902,1.0,1.0,1.0,1.0,0.9446858844343364,2.014447874000325,2.014447874000325,2.014447874000325,0.20144478740003252,512,254.1639357404973,8,1.0,1.0,1.0,64.0,64.0,0.2384410900003786,0.2384410900003786,1.0,1.0,1.0,64.0,64.0,0.2384410900003786,0.2384410900003786,1.0,1.0,1.0,64.0,64.0,0.2384410900003786,0.2384410900003786,1.0,2.0,2.0,128.0,128.0,0.48092093800005387,0.48092093800005387,0.6
proposed_dp_eps8_sparse_diverse,8,11,5,no_disease_to_disease,10,10,1.0,1.0,1.0,1.0,1.0,1.0,0.0829973891377449,0.8388888888888889,0.08911408483982086,0.7332855497011328,0.7332855497011328,0.0,0.86,0.7878787878787878,0.7878787878787878,81,1.0,5.13441801071167,1.4848284721374512,0.9833333333333334,0.9,0.9,0.0,0.896957671957672,2.0650836310005616,2.0650836310005616,2.0650836310005616,0.20650836310005616,512,247.9318475600569,8,1.0,1.0,1.0,64.0,64.0,0.25781288300004235,0.25781288300004235,1.0,1.0,1.0,64.0,64.0,0.25781288300004235,0.25781288300004235,1.0,1.0,1.0,64.0,64.0,0.25781288300004235,0.25781288300004235,1.0,1.0,1.0,64.0,64.0,0.25781288300004235,0.25781288300004235,0.8388888888888889
proposed_dp_eps8_sparse_diverse,8,11,6,no_disease_to_disease,10,10,1.0,1.0,1.0,1.0,1.0,1.0,0.14866995811462402,0.65,0.17878417670726776,0.9544366718233549,0.9544366718233549,0.0,0.8400000000000001,0.9393939393939394,0.9393939393939394,81,1.0,12.44285774230957,0.9197878837585449,0.9666666666666666,0.9,0.9,0.0,0.9541772328691833,2.027122942999995,2.027122942999995,2.027122942999995,0.20271229429999948,512,252.5747151982194,8,1.0,1.0,1.0,64.0,64.0,0.23586376800085418,0.23586376800085418,1.0,1.0,1.0,64.0,64.0,0.23586376800085418,0.23586376800085418,1.0,1.0,1.0,64.0,64.0,0.23586376800085418,0.23586376800085418,1.0,2.0,2.0,128.0,128.0,0.4777188620000743,0.4777188620000743,0.65
proposed_dp_eps8_sparse_diverse,8,11,7,no_disease_to_disease,10,10,1.0,1.0,1.0,1.0,1.0,1.0,0.07675761729478836,0.6277777777777779,0.06012696027755737,0.7713234842100796,0.7713234842100796,0.0,0.36,0.8181818181818182,0.8181818181818182,81,1.0,3.1671910285949707,0.29707860946655273,0.8833333333333332,0.7,0.7,0.0,0.9627990555196438,2.04281323899977,2.04281323899977,2.04281323899977,0.204281323899977,512,250.6347571208675,8,1.0,1.0,1.0,64.0,64.0,0.24606843099991238,0.24606843099991238,1.0,1.0,1.0,64.0,64.0,0.24606843099991238,0.24606843099991238,1.0,1.0,1.0,64.0,64.0,0.24606843099991238,0.24606843099991238,1.0,1.0,1.0,64.0,64.0,0.24606843099991238,0.24606843099991238,0.6277777777777779
proposed_dp_eps4_sparse_diverse,4,11,0,disease_to_no_disease,10,10,1.0,1.0,1.0,1.0,1.0,1.0,0.09662090241909027,0.7611111111111112,0.11370658874511719,0.8763582894344617,0.8763582894344617,0.0,0.08,0.8787878787878788,0.8787878787878788,81,1.0,11.129030227661133,3.2970523834228516,1.0,1.0,1.0,1.0,0.895862285862286,2.0446550110000317,2.0446550110000317,2.0446550110000317,0.20446550110000317,512,250.4089918570581,8,1.0,1.0,1.0,64.0,64.0,0.24867221400018025,0.24867221400018025,1.0,1.0,1.0,64.0,64.0,0.24867221400018025,0.24867221400018025,1.0,1.0,1.0,64.0,64.0,0.24867221400018025,0.24867221400018025,1.0,1.0,1.0,64.0,64.0,0.24867221400018025,0.24867221400018025,0.7611111111111112
proposed_dp_eps4_sparse_diverse,4,11,1,disease_to_no_disease,10,10,1.0,1.0,1.0,1.0,1.0,1.0,0.09654216468334198,0.7833333333333334,0.0799398347735405,0.8202239342310396,0.8202239342310396,0.0,0.06,0.8787878787878788,0.8787878787878788,81,1.0,7.293748378753662,1.362196922302246,1.0,1.0,1.0,1.0,0.9258778258778259,2.094256176000272,2.094256176000272,2.094256176000272,0.20942561760002718,512,244.47820943178326,8,1.0,1.0,1.0,64.0,64.0,0.24553288999959477,0.24553288999959477,1.0,1.0,1.0,64.0,64.0,0.24553288999959477,0.24553288999959477,1.0,1.0,1.0,64.0,64.0,0.24553288999959477,0.24553288999959477,1.0,1.0,1.0,64.0,64.0,0.24553288999959477,0.24553288999959477,0.7833333333333334
proposed_dp_eps4_sparse_diverse,4,11,2,disease_to_no_disease,10,10,1.0,1.0,1.0,1.0,1.0,1.0,0.08144669234752655,0.7611111111111112,0.05788047984242439,0.748145393700179,0.748145393700179,0.0,0.8,0.8787878787878788,0.8787878787878788,81,1.0,5.31627893447876,0.7848043441772461,0.9833333333333334,0.9,0.9,0.0,0.9131000481000482,1.987992168999881,1.987992168999881,1.987992168999881,0.19879921689998808,512,257.5462861393347,8,1.0,1.0,1.0,64.0,64.0,0.23644427100043686,0.23644427100043686,1.0,1.0,1.0,64.0,64.0,0.23644427100043686,0.23644427100043686,1.0,2.0,2.0,128.0,128.0,0.48100617000000057,0.48100617000000057,1.0,2.0,2.0,128.0,128.0,0.48100617000000057,0.48100617000000057,0.7611111111111112
proposed_dp_eps4_sparse_diverse,4,11,3,disease_to_no_disease,10,10,1.0,1.0,1.0,1.0,1.0,1.0,0.059310924261808395,0.7944444444444445,0.06989928334951401,0.5439339111111826,0.5439339111111826,0.0,0.76,0.8181818181818182,0.8181818181818182,81,1.0,9.444368362426758,1.6916632652282715,0.9833333333333334,0.9,0.9,0.0,0.947622655122655,1.8986778420003247,1.8986778420003247,1.8986778420003247,0.18986778420003247,512,269.6613341527122,8,1.0,1.0,1.0,64.0,64.0,0.1741174549997595,0.1741174549997595,1.0,1.0,1.0,64.0,64.0,0.1741174549997595,0.1741174549997595,1.0,1.0,1.0,64.0,64.0,0.1741174549997595,0.1741174549997595,1.0,1.0,1.0,64.0,64.0,0.1741174549997595,0.1741174549997595,0.7944444444444445
proposed_dp_eps4_sparse_diverse,4,11,4,no_disease_to_disease,10,10,1.0,1.0,1.0,1.0,1.0,1.0,0.12110748142004013,0.538888888888889,0.13540267944335938,0.8074344500726383,0.8074344500726383,0.0,0.96,0.8181818181818182,0.8181818181818182,81,1.0,9.083003044128418,0.19104337692260742,0.8166666666666667,0.6,0.6,0.0,0.9551740462266778,2.029905468999459,2.029905468999459,2.029905468999459,0.20299054689994592,512,252.2284942915913,8,1.0,1.0,1.0,64.0,64.0,0.24485406399981002,0.24485406399981002,1.0,1.0,1.0,64.0,64.0,0.24485406399981002,0.24485406399981002,1.0,1.0,1.0,64.0,64.0,0.24485406399981002,0.24485406399981002,1.0,1.0,1.0,64.0,64.0,0.24485406399981002,0.24485406399981002,0.538888888888889
proposed_dp_eps4_sparse_diverse,4,11,5,no_disease_to_disease,10,10,1.0,1.0,1.0,1.0,1.0,1.0,0.11549599468708038,0.7444444444444445,0.11732876300811768,0.7591513169331735,0.7591513169331735,0.0,1.0,0.7878787878787878,0.7878787878787878,81,1.0,4.783918857574463,0.5065665245056152,0.95,0.7,0.7,0.0,0.9436568986568986,1.9554585160003626,1.9554585160003626,1.9554585160003626,0.19554585160003626,512,261.8311745355917,8,1.0,1.0,1.0,64.0,64.0,0.17318032399998629,0.17318032399998629,1.0,1.0,1.0,64.0,64.0,0.17318032399998629,0.17318032399998629,1.0,1.0,1.0,64.0,64.0,0.17318032399998629,0.17318032399998629,1.0,1.0,1.0,64.0,64.0,0.17318032399998629,0.17318032399998629,0.7444444444444445
proposed_dp_eps4_sparse_diverse,4,11,6,no_disease_to_disease,10,10,1.0,1.0,1.0,1.0,1.0,1.0,0.11542854458093643,0.7277777777777779,0.14819957315921783,0.8343439082216358,0.8343439082216358,0.0,0.72,0.8181818181818182,0.8181818181818182,81,1.0,5.552788734436035,0.1914525032043457,0.9333333333333332,0.9,0.9,0.0,0.943415750915751,2.0242781880006078,2.0242781880006078,2.0242781880006078,0.20242781880006078,512,252.92966304483357,8,1.0,1.0,1.0,64.0,64.0,0.24836982400029228,0.24836982400029228,1.0,1.0,1.0,64.0,64.0,0.24836982400029228,0.24836982400029228,1.0,1.0,1.0,64.0,64.0,0.24836982400029228,0.24836982400029228,1.0,1.0,1.0,64.0,64.0,0.24836982400029228,0.24836982400029228,0.7277777777777779
proposed_dp_eps4_sparse_diverse,4,11,7,no_disease_to_disease,10,10,1.0,1.0,1.0,1.0,1.0,1.0,0.08607910573482513,0.6944444444444444,0.061612505465745926,0.8004215359872221,0.8004215359872221,0.0,0.8800000000000001,0.9090909090909091,0.9090909090909091,81,1.0,9.897136688232422,0.9292826652526855,1.0,1.0,1.0,1.0,0.9443201243201245,2.0521993779993863,2.0521993779993863,2.0521993779993863,0.20521993779993863,512,249.4884295789671,8,1.0,1.0,1.0,64.0,64.0,0.24246229699929245,0.24246229699929245,1.0,1.0,1.0,64.0,64.0,0.24246229699929245,0.24246229699929245,1.0,1.0,1.0,64.0,64.0,0.24246229699929245,0.24246229699929245,1.0,1.0,1.0,64.0,64.0,0.24246229699929245,0.24246229699929245,0.6944444444444444
proposed_dp_eps2_sparse_diverse,2,11,0,disease_to_no_disease,10,10,1.0,1.0,1.0,1.0,1.0,1.0,0.0765853151679039,0.7944444444444445,0.07678381353616714,0.7840544541670604,0.7840544541670604,0.0,0.0,0.9696969696969697,0.9696969696969697,81,1.0,10.804580688476562,2.1072115898132324,1.0,1.0,1.0,1.0,0.8811207311207312,2.0271363179999753,2.0271363179999753,2.0271363179999753,0.20271363179999752,512,252.5730487159109,8,1.0,1.0,1.0,64.0,64.0,0.24730965300022945,0.24730965300022945,1.0,1.0,1.0,64.0,64.0,0.24730965300022945,0.24730965300022945,1.0,1.0,1.0,64.0,64.0,0.24730965300022945,0.24730965300022945,1.0,1.0,1.0,64.0,64.0,0.24730965300022945,0.24730965300022945,0.7944444444444445
proposed_dp_eps2_sparse_diverse,2,11,1,disease_to_no_disease,10,10,1.0,1.0,1.0,1.0,1.0,1.0,0.08399762958288193,0.7888888888888889,0.07828854769468307,0.8170136019743532,0.8170136019743532,0.1,0.04,0.8787878787878788,0.8787878787878788,81,1.0,4.6097307205200195,1.3492708206176758,0.9833333333333334,0.9,0.9,0.0,0.9134406334406335,2.0463890639994133,2.0463890639994133,2.0463890639994133,0.20463890639994134,512,250.196802263671,8,1.0,1.0,1.0,64.0,64.0,0.24096090599960007,0.24096090599960007,1.0,1.0,1.0,64.0,64.0,0.24096090599960007,0.24096090599960007,1.0,1.0,1.0,64.0,64.0,0.24096090599960007,0.24096090599960007,1.0,1.0,1.0,64.0,64.0,0.24096090599960007,0.24096090599960007,0.7888888888888889
proposed_dp_eps2_sparse_diverse,2,11,2,disease_to_no_disease,10,10,1.0,1.0,1.0,1.0,1.0,1.0,0.06134334206581116,0.7833333333333334,0.045419130474328995,0.7119054564771801,0.7119054564771801,0.0,0.74,0.8787878787878788,0.8787878787878788,81,1.0,1.850714087486267,0.2101426124572754,0.8333333333333333,0.6,0.6,0.0,0.8903823953823954,2.002307462999852,2.002307462999852,2.002307462999852,0.2002307462999852,512,255.70498510399742,8,1.0,1.0,1.0,64.0,64.0,0.23723956100002397,0.23723956100002397,1.0,1.0,1.0,64.0,64.0,0.23723956100002397,0.23723956100002397,1.0,1.0,1.0,64.0,64.0,0.23723956100002397,0.23723956100002397,1.0,2.0,2.0,128.0,128.0,0.48136082400014857,0.48136082400014857,0.7833333333333334
proposed_dp_eps2_sparse_diverse,2,11,3,disease_to_no_disease,10,10,1.0,1.0,1.0,1.0,1.0,1.0,0.07906339317560196,0.7277777777777777,0.10726241022348404,0.5879479881550154,0.5879479881550154,0.1,0.54,0.8181818181818182,0.8181818181818182,81,1.0,11.506704330444336,0.7483377456665039,0.9833333333333334,0.9,0.9,0.0,0.9618603618603621,1.962952970000515,1.962952970000515,1.962952970000515,0.1962952970000515,512,260.83151650844985,8,1.0,1.0,1.0,64.0,64.0,0.17617821099975117,0.17617821099975117,1.0,1.0,1.0,64.0,64.0,0.17617821099975117,0.17617821099975117,1.0,1.0,1.0,64.0,64.0,0.17617821099975117,0.17617821099975117,1.0,1.0,1.0,64.0,64.0,0.17617821099975117,0.17617821099975117,0.7277777777777777
proposed_dp_eps2_sparse_diverse,2,11,4,no_disease_to_disease,10,10,1.0,1.0,1.0,1.0,1.0,1.0,0.12603777647018433,0.5555555555555556,0.09830176085233688,0.8276659183405158,0.8276659183405158,0.1,1.0,0.9393939393939394,0.9393939393939394,81,1.0,13.21656608581543,1.9516596794128418,1.0,1.0,1.0,1.0,0.9518750716660932,2.0482558959993185,2.0482558959993185,2.0482558959993185,0.20482558959993186,512,249.96876659798485,8,1.0,1.0,1.0,64.0,64.0,0.2518985070000781,0.2518985070000781,1.0,1.0,1.0,64.0,64.0,0.2518985070000781,0.2518985070000781,1.0,1.0,1.0,64.0,64.0,0.2518985070000781,0.2518985070000781,1.0,1.0,1.0,64.0,64.0,0.2518985070000781,0.2518985070000781,0.5555555555555556
proposed_dp_eps2_sparse_diverse,2,11,5,no_disease_to_disease,10,10,1.0,1.0,1.0,1.0,1.0,1.0,0.06748759001493454,0.8166666666666667,0.0871739313006401,0.7842911733747711,0.7842911733747711,0.0,0.9800000000000001,0.9090909090909091,0.9090909090909091,81,1.0,11.74290657043457,0.6595702171325684,0.95,0.9,0.9,0.0,0.9126406926406927,1.9862558100003298,1.9862558100003298,1.9862558100003298,0.19862558100003297,512,257.77142975350944,8,1.0,1.0,1.0,64.0,64.0,0.24674442900050053,0.24674442900050053,1.0,1.0,1.0,64.0,64.0,0.24674442900050053,0.24674442900050053,1.0,1.0,1.0,64.0,64.0,0.24674442900050053,0.24674442900050053,1.0,1.0,1.0,64.0,64.0,0.24674442900050053,0.24674442900050053,0.8166666666666667
proposed_dp_eps2_sparse_diverse,2,11,6,no_disease_to_disease,10,10,1.0,1.0,1.0,1.0,1.0,1.0,0.0696062445640564,0.8166666666666668,0.07146955281496048,0.7891977958545544,0.7891977958545544,0.1,0.9199999999999999,0.9393939393939394,0.9393939393939394,81,1.0,6.458990573883057,0.5769314765930176,0.9833333333333334,0.9,0.9,0.0,0.9058910533910535,2.0342775829994935,2.0342775829994935,2.0342775829994935,0.20342775829994936,512,251.6863992794279,8,1.0,1.0,1.0,64.0,64.0,0.24416514099993947,0.24416514099993947,1.0,1.0,1.0,64.0,64.0,0.24416514099993947,0.24416514099993947,1.0,1.0,1.0,64.0,64.0,0.24416514099993947,0.24416514099993947,1.0,1.0,1.0,64.0,64.0,0.24416514099993947,0.24416514099993947,0.8166666666666668
proposed_dp_eps2_sparse_diverse,2,11,7,no_disease_to_disease,10,10,1.0,1.0,1.0,1.0,1.0,1.0,0.09001747518777847,0.7055555555555555,0.06922964751720428,0.7861492772920272,0.7861492772920272,0.0,0.8,0.9696969696969697,0.9696969696969697,81,1.0,9.80400562286377,0.4890284538269043,1.0,1.0,1.0,1.0,0.944949494949495,2.1458648610005184,2.1458648610005184,2.1458648610005184,0.21458648610005185,512,238.59843613883396,8,1.0,1.0,1.0,64.0,64.0,0.28270190300008835,0.28270190300008835,1.0,1.0,1.0,64.0,64.0,0.28270190300008835,0.28270190300008835,1.0,1.0,1.0,64.0,64.0,0.28270190300008835,0.28270190300008835,1.0,1.0,1.0,64.0,64.0,0.28270190300008835,0.28270190300008835,0.7055555555555555
