candidate_cohort_seed,repeat,context_construction_seconds_one_time,context_peak_rss_delta_mb,public_context_mb_one_time,tenseal_version,python_version,platform,cpu_logical_count,cpu_physical_count,secret_key_location,server_context_contains_secret_key,server_context_contains_relinearization_keys,server_context_contains_galois_keys,context_reuse_policy,population,packed_slots_used,slot_utilization,feature_ciphertexts_uploaded,logit_ciphertexts_downloaded,encryption_seconds,upload_serialization_seconds,server_deserialization_seconds,server_inference_seconds_per_round,download_serialization_seconds,decryption_seconds,total_latency_seconds_per_round,time_per_candidate_seconds,throughput_candidates_per_second,server_inference_throughput_candidates_per_second,client_total_seconds_per_round,server_total_seconds_per_round,upload_ciphertext_mb,download_ciphertext_mb,total_communication_mb_per_round,peak_rss_delta_mb,baseline_rss_mb,peak_rss_mb,mean_abs_logit_error,max_abs_logit_error,mean_abs_probability_error_client_side,max_abs_probability_error_client_side,plaintext_he_label_agreement,plaintext_he_margin_state_agreement,agreement_and_error_gate_on_supplied_candidates,required_label_agreement,maximum_allowed_abs_logit_error,minimum_abs_plaintext_logit,profile_name,profile_status,poly_modulus_degree,slot_count,coeff_mod_bit_sizes,coeff_mod_total_bits,tc128_max_coeff_mod_bits,global_scale_bits,security_validation,parameter_construction_passed
101,1,0.5636354060000031,138.899456,11.16384,0.3.16,3.12.13,Linux-6.12.90+-x86_64-with-glibc2.35,4,2,client_only,False,True,False,one context per benchmark run; reuse across queries,16,16,0.001953125,20,1,0.439532569999983,0.08388369600004353,0.0711597790000269,81.701194375,0.0010420969999813678,0.0023149669999611433,82.299127484,5.14369546775,0.19441275368454672,0.19583557036585855,0.5267733299999691,81.77235415400003,26.961201,0.246921,27.208122,12.279808,1309.10208,1321.381888,4.278965389639677e-06,5.702377050553764e-06,6.379328778614991e-07,1.3491614391236695e-06,1.0,1.0,True,0.99,0.025,0.28364935397145175,poly_n16384_scale45,paper_precision_profile,16384,8192,"[55, 45, 45, 45, 45, 45, 55]",335,438,45,SEAL default TC128 parameter validation,True
101,2,0.5636354060000031,138.899456,11.16384,0.3.16,3.12.13,Linux-6.12.90+-x86_64-with-glibc2.35,4,2,client_only,False,True,False,one context per benchmark run; reuse across queries,16,16,0.001953125,20,1,0.4509113860000298,0.0849293400000306,0.06714415299995835,82.45441293600004,0.0009621110000352928,0.0021944160000657575,83.06055434200016,5.19128464637501,0.19263054679505656,0.19404661837103826,0.5389972530001614,82.521557089,26.960232,0.246944,27.207176,0.012288,1321.377792,1321.39008,4.290682938185714e-06,5.731524678420641e-06,6.404615029610918e-07,1.3663563233068388e-06,1.0,1.0,True,0.99,0.025,0.28364935397145175,poly_n16384_scale45,paper_precision_profile,16384,8192,"[55, 45, 45, 45, 45, 45, 55]",335,438,45,SEAL default TC128 parameter validation,True
101,3,0.5636354060000031,138.899456,11.16384,0.3.16,3.12.13,Linux-6.12.90+-x86_64-with-glibc2.35,4,2,client_only,False,True,False,one context per benchmark run; reuse across queries,16,16,0.001953125,20,1,0.4652378859999544,0.10300357599999188,0.06808602399996744,81.65725776800002,0.0009939810000787475,0.0021373529999664242,82.29671658799998,5.143544786749999,0.19441844903850058,0.19594094189959568,0.5713727959999915,81.72534379199999,26.960518,0.246918,27.207436,0.004096,1321.385984,1321.39008,4.2845934489776916e-06,5.705876756634254e-06,6.395365433067949e-07,1.3644852554506315e-06,1.0,1.0,True,0.99,0.025,0.28364935397145175,poly_n16384_scale45,paper_precision_profile,16384,8192,"[55, 45, 45, 45, 45, 45, 55]",335,438,45,SEAL default TC128 parameter validation,True
101,4,0.5636354060000031,138.899456,11.16384,0.3.16,3.12.13,Linux-6.12.90+-x86_64-with-glibc2.35,4,2,client_only,False,True,False,one context per benchmark run; reuse across queries,16,16,0.001953125,20,1,0.44948836200001097,0.0905809319999662,0.07241374299997005,81.84677332099989,0.0012636030000976461,0.0021448200000122597,82.46266478099994,5.1539165488124965,0.19402720058212972,0.19548724220622135,0.5434777170000871,81.91918706399986,26.960815,0.246936,27.207751,0.004096,1321.385984,1321.39008,4.2782098622594356e-06,5.688303477580092e-06,6.382058351999165e-07,1.359555833357895e-06,1.0,1.0,True,0.99,0.025,0.28364935397145175,poly_n16384_scale45,paper_precision_profile,16384,8192,"[55, 45, 45, 45, 45, 45, 55]",335,438,45,SEAL default TC128 parameter validation,True
101,5,0.5636354060000031,138.899456,11.16384,0.3.16,3.12.13,Linux-6.12.90+-x86_64-with-glibc2.35,4,2,client_only,False,True,False,one context per benchmark run; reuse across queries,16,16,0.001953125,20,1,0.4470491290001064,0.08815878000018529,0.07098183299990524,82.23164169699999,0.0009634839998398093,0.00214236300007542,82.8409372860001,5.177558580375006,0.19314122370153286,0.19457230416188712,0.5383137560002069,82.30262352999989,26.96097,0.246932,27.207902,0.004096,1321.385984,1321.39008,4.276436338081224e-06,5.702936991980323e-06,6.379686277025127e-07,1.3547382891054838e-06,1.0,1.0,True,0.99,0.025,0.28364935397145175,poly_n16384_scale45,paper_precision_profile,16384,8192,"[55, 45, 45, 45, 45, 45, 55]",335,438,45,SEAL default TC128 parameter validation,True
101,1,0.5636354060000031,138.899456,11.16384,0.3.16,3.12.13,Linux-6.12.90+-x86_64-with-glibc2.35,4,2,client_only,False,True,False,one context per benchmark run; reuse across queries,32,32,0.00390625,20,1,0.4478690830001142,0.08463617400002477,0.07055384499994943,81.99136415400017,0.0010266179999689484,0.002215126000010059,82.59766500000023,2.5811770312500073,0.3874201528578309,0.3902850053805184,0.535747001000118,82.06191799900012,26.960319,0.246954,27.207273,0.753664,1321.406464,1322.160128,4.748490754881776e-06,8.101698213636155e-06,4.1019018588269534e-07,1.3550071255030716e-06,1.0,1.0,True,0.99,0.025,0.28364935397145175,poly_n16384_scale45,paper_precision_profile,16384,8192,"[55, 45, 45, 45, 45, 45, 55]",335,438,45,SEAL default TC128 parameter validation,True
101,2,0.5636354060000031,138.899456,11.16384,0.3.16,3.12.13,Linux-6.12.90+-x86_64-with-glibc2.35,4,2,client_only,False,True,False,one context per benchmark run; reuse across queries,32,32,0.00390625,20,1,0.4786412089999885,0.08010320300013518,0.06482882000000245,81.03015892899998,0.0010712099999636848,0.0021189159999721596,81.65692228700004,2.5517788214687513,0.39188349381488347,0.394914688838744,0.5619345380000595,81.09498774899998,26.960812,0.246944,27.207756,0.602112,1322.156032,1322.758144,4.747748886362035e-06,8.097432376175107e-06,4.099239615720407e-07,1.3662724632768075e-06,1.0,1.0,True,0.99,0.025,0.28364935397145175,poly_n16384_scale45,paper_precision_profile,16384,8192,"[55, 45, 45, 45, 45, 45, 55]",335,438,45,SEAL default TC128 parameter validation,True
101,3,0.5636354060000031,138.899456,11.16384,0.3.16,3.12.13,Linux-6.12.90+-x86_64-with-glibc2.35,4,2,client_only,False,True,False,one context per benchmark run; reuse across queries,32,32,0.00390625,20,1,0.45693728800006284,0.08135827799992512,0.06584550699994907,81.71299104400009,0.0011604159999478725,0.002192248999790536,82.32048478199977,2.5725151494374927,0.388724630142085,0.3916145962980222,0.5416482309997264,81.77883655100004,26.960075,0.246935,27.20701,0.008192,1322.754048,1322.76224,4.749102854039594e-06,8.100579957925902e-06,4.1020829217010636e-07,1.3648294370227632e-06,1.0,1.0,True,0.99,0.025,0.28364935397145175,poly_n16384_scale45,paper_precision_profile,16384,8192,"[55, 45, 45, 45, 45, 45, 55]",335,438,45,SEAL default TC128 parameter validation,True
101,4,0.5636354060000031,138.899456,11.16384,0.3.16,3.12.13,Linux-6.12.90+-x86_64-with-glibc2.35,4,2,client_only,False,True,False,one context per benchmark run; reuse across queries,32,32,0.00390625,20,1,0.4460159830000521,0.0873967029999676,0.07211940699994557,82.76630506400011,0.0011057970000365458,0.0022258830001646857,83.37516883700027,2.6054740261562586,0.3838073187301184,0.3866307668954847,0.5367443660002209,82.83842447100005,26.960673,0.246958,27.207631,0.004096,1322.758144,1322.76224,4.751974309095963e-06,8.128935878204402e-06,4.1054037054890555e-07,1.3671693895878079e-06,1.0,1.0,True,0.99,0.025,0.28364935397145175,poly_n16384_scale45,paper_precision_profile,16384,8192,"[55, 45, 45, 45, 45, 45, 55]",335,438,45,SEAL default TC128 parameter validation,True
101,5,0.5636354060000031,138.899456,11.16384,0.3.16,3.12.13,Linux-6.12.90+-x86_64-with-glibc2.35,4,2,client_only,False,True,False,one context per benchmark run; reuse across queries,32,32,0.00390625,20,1,0.45061188099998617,0.08657807400004458,0.07197417099996528,82.98566548399981,0.0009783819998574472,0.0022199499999260297,83.59802794199959,2.612438373187487,0.3827841491931082,0.3856087652411465,0.5403882869998142,83.05763965499978,26.960487,0.246959,27.207446,1.875968,1322.758144,1324.634112,4.747577972894629e-06,8.11354378527085e-06,4.0987938996958757e-07,1.3635569028336292e-06,1.0,1.0,True,0.99,0.025,0.28364935397145175,poly_n16384_scale45,paper_precision_profile,16384,8192,"[55, 45, 45, 45, 45, 45, 55]",335,438,45,SEAL default TC128 parameter validation,True
101,1,0.5636354060000031,138.899456,11.16384,0.3.16,3.12.13,Linux-6.12.90+-x86_64-with-glibc2.35,4,2,client_only,False,True,False,one context per benchmark run; reuse across queries,64,64,0.0078125,20,1,0.4960549759998685,0.08710244600001715,0.07259633700004997,82.86139480499992,0.0010789309999381658,0.0020835370000895637,83.52031103199988,1.3050048598749981,0.7662806712427006,0.7723741574784376,0.5863198899999134,82.93399114199997,26.959782,0.246951,27.206733,0.004096,1324.855296,1324.859392,5.0729605636423616e-06,1.2956545536013664e-05,3.6632450685061267e-07,1.4802654019208106e-06,1.0,1.0,True,0.99,0.025,0.10628730128013508,poly_n16384_scale45,paper_precision_profile,16384,8192,"[55, 45, 45, 45, 45, 45, 55]",335,438,45,SEAL default TC128 parameter validation,True
101,2,0.5636354060000031,138.899456,11.16384,0.3.16,3.12.13,Linux-6.12.90+-x86_64-with-glibc2.35,4,2,client_only,False,True,False,one context per benchmark run; reuse across queries,64,64,0.0078125,20,1,0.5013590819999081,0.08410892100005185,0.06738517899998442,82.82060119499988,0.0010099129999616707,0.0021038419999968028,83.47656813199978,1.3043213770624966,0.7666822131307328,0.772754593380854,0.5885817579999184,82.88798637399987,26.961289,0.246943,27.208232,0.004096,1324.929024,1324.93312,5.071397140090283e-06,1.2938767444126142e-05,3.660902354882558e-07,1.4800080598287302e-06,1.0,1.0,True,0.99,0.025,0.10628730128013508,poly_n16384_scale45,paper_precision_profile,16384,8192,"[55, 45, 45, 45, 45, 45, 55]",335,438,45,SEAL default TC128 parameter validation,True
101,3,0.5636354060000031,138.899456,11.16384,0.3.16,3.12.13,Linux-6.12.90+-x86_64-with-glibc2.35,4,2,client_only,False,True,False,one context per benchmark run; reuse across queries,64,64,0.0078125,20,1,0.456780376000097,0.09319716300001346,0.07505246599998827,83.40349162799998,0.0009673320000729291,0.002305901999989146,84.03179486700014,1.3129967947968773,0.7616164822052758,0.7673539650528743,0.5532507730001726,83.47854409399997,26.960518,0.246937,27.207455,0.004096,1324.929024,1324.93312,5.071773867675175e-06,1.2976181107404727e-05,3.660860027682216e-07,1.4741460937495177e-06,1.0,1.0,True,0.99,0.025,0.10628730128013508,poly_n16384_scale45,paper_precision_profile,16384,8192,"[55, 45, 45, 45, 45, 45, 55]",335,438,45,SEAL default TC128 parameter validation,True
101,4,0.5636354060000031,138.899456,11.16384,0.3.16,3.12.13,Linux-6.12.90+-x86_64-with-glibc2.35,4,2,client_only,False,True,False,one context per benchmark run; reuse across queries,64,64,0.0078125,20,1,0.519718672999943,0.09194563300002301,0.07333379800002149,83.04658028900008,0.001036925000107658,0.002109152000002723,83.73472447000017,1.3083550698437527,0.7643185118848683,0.770651841138811,0.6148103830000764,83.1199140870001,26.960468,0.246937,27.207405,0.004096,1324.929024,1324.93312,5.069252290864756e-06,1.292987981571514e-05,3.6581246093381036e-07,1.4685972685724025e-06,1.0,1.0,True,0.99,0.025,0.10628730128013508,poly_n16384_scale45,paper_precision_profile,16384,8192,"[55, 45, 45, 45, 45, 45, 55]",335,438,45,SEAL default TC128 parameter validation,True
101,5,0.5636354060000031,138.899456,11.16384,0.3.16,3.12.13,Linux-6.12.90+-x86_64-with-glibc2.35,4,2,client_only,False,True,False,one context per benchmark run; reuse across queries,64,64,0.0078125,20,1,0.5019973809999101,0.0856331830000272,0.0714912490000188,82.4326743690001,0.0010654090001480654,0.0022925069999928382,83.0951540980002,1.298361782781253,0.7702013516277991,0.7763911639395755,0.5909884800000782,82.50416561800012,26.960414,0.246919,27.207333,0.581632,1324.929024,1325.510656,5.068495338739643e-06,1.2937614744856774e-05,3.658128068007723e-07,1.4720955064384533e-06,1.0,1.0,True,0.99,0.025,0.10628730128013508,poly_n16384_scale45,paper_precision_profile,16384,8192,"[55, 45, 45, 45, 45, 45, 55]",335,438,45,SEAL default TC128 parameter validation,True
101,1,0.5636354060000031,138.899456,11.16384,0.3.16,3.12.13,Linux-6.12.90+-x86_64-with-glibc2.35,4,2,client_only,False,True,False,one context per benchmark run; reuse across queries,128,128,0.015625,20,1,0.5001712479997877,0.08465481600001112,0.07378319300005387,82.45008991700001,0.0010904349999236729,0.002244400000108726,83.1120340089999,0.6493127656953117,1.5400898501189293,1.5524543409091935,0.5881608989998313,82.52387311000007,26.959537,0.246924,27.206461,0.258048,1325.727744,1325.985792,5.011872352183948e-06,1.296606976453063e-05,3.243609065154717e-07,1.475890862023821e-06,1.0,1.0,True,0.99,0.025,0.10628730128013508,poly_n16384_scale45,paper_precision_profile,16384,8192,"[55, 45, 45, 45, 45, 45, 55]",335,438,45,SEAL default TC128 parameter validation,True
101,2,0.5636354060000031,138.899456,11.16384,0.3.16,3.12.13,Linux-6.12.90+-x86_64-with-glibc2.35,4,2,client_only,False,True,False,one context per benchmark run; reuse across queries,128,128,0.015625,20,1,0.4970473900000343,0.08661954300009711,0.06950337899979786,82.78389890799986,0.0010429469998598506,0.0021766370000477764,83.44028880399969,0.6518772562812476,1.5340311237497102,1.5461943891075982,0.586886517000039,82.85340228699965,26.960858,0.246961,27.207819,0.004096,1325.981696,1325.985792,5.0126556455047785e-06,1.294859177392027e-05,3.2450565789581173e-07,1.477495775115134e-06,1.0,1.0,True,0.99,0.025,0.10628730128013508,poly_n16384_scale45,paper_precision_profile,16384,8192,"[55, 45, 45, 45, 45, 45, 55]",335,438,45,SEAL default TC128 parameter validation,True
101,3,0.5636354060000031,138.899456,11.16384,0.3.16,3.12.13,Linux-6.12.90+-x86_64-with-glibc2.35,4,2,client_only,False,True,False,one context per benchmark run; reuse across queries,128,128,0.015625,20,1,0.5118776799999978,0.09344730899965725,0.07831631899989588,86.88255296600028,0.001168755999970017,0.002252747000056843,87.56961577699985,0.6841376232578114,1.4616942059670335,1.4732532094227273,0.6087464919996819,86.96086928500017,26.959862,0.246974,27.206836,0.004096,1325.981696,1325.985792,5.0133186389564755e-06,1.2961055805504884e-05,3.245187787966739e-07,1.4774803158146277e-06,1.0,1.0,True,0.99,0.025,0.10628730128013508,poly_n16384_scale45,paper_precision_profile,16384,8192,"[55, 45, 45, 45, 45, 45, 55]",335,438,45,SEAL default TC128 parameter validation,True
101,4,0.5636354060000031,138.899456,11.16384,0.3.16,3.12.13,Linux-6.12.90+-x86_64-with-glibc2.35,4,2,client_only,False,True,False,one context per benchmark run; reuse across queries,128,128,0.015625,20,1,0.5069884129998172,0.08919713300019794,0.07575311900018278,83.17838055399989,0.0009706890000416024,0.002256770000258257,83.85354667800038,0.655105833421878,1.5264709135264491,1.53886141023029,0.599413005000315,83.25413367300007,26.960737,0.246929,27.207666,0.753664,1325.981696,1326.73536,5.014083959104876e-06,1.2946505155042587e-05,3.2449082313619367e-07,1.4787954357720068e-06,1.0,1.0,True,0.99,0.025,0.10628730128013508,poly_n16384_scale45,paper_precision_profile,16384,8192,"[55, 45, 45, 45, 45, 45, 55]",335,438,45,SEAL default TC128 parameter validation,True
101,5,0.5636354060000031,138.899456,11.16384,0.3.16,3.12.13,Linux-6.12.90+-x86_64-with-glibc2.35,4,2,client_only,False,True,False,one context per benchmark run; reuse across queries,128,128,0.015625,20,1,0.4907232090004072,0.08403973200029213,0.06917006399999082,81.75831322000022,0.0010090239998135075,0.0023627850000593753,82.40561803400078,0.6437938908906311,1.5532921547556,1.5655900294269753,0.5781347500005722,81.82748328400021,26.960093,0.246905,27.206998,0.004096,1326.731264,1326.73536,5.012487508379137e-06,1.2959170572202083e-05,3.2442564806493174e-07,1.4782967960313975e-06,1.0,1.0,True,0.99,0.025,0.10628730128013508,poly_n16384_scale45,paper_precision_profile,16384,8192,"[55, 45, 45, 45, 45, 45, 55]",335,438,45,SEAL default TC128 parameter validation,True
101,1,0.5636354060000031,138.899456,11.16384,0.3.16,3.12.13,Linux-6.12.90+-x86_64-with-glibc2.35,4,2,client_only,False,True,False,one context per benchmark run; reuse across queries,256,256,0.03125,20,1,0.4992400189998989,0.08475196199970014,0.06826525700034836,82.2134206869996,0.0010212619999947492,0.002138993000244227,82.86883817999978,0.32370639914062416,3.089219127749097,3.1138468374237256,0.587152235999838,82.28168594399995,26.959961,0.246971,27.206932,0.004096,1327.362048,1327.366144,5.043323504489675e-06,1.701479227733671e-05,3.500542802354579e-07,1.4726036943746301e-06,1.0,1.0,True,0.99,0.025,0.10628730128013508,poly_n16384_scale45,paper_precision_profile,16384,8192,"[55, 45, 45, 45, 45, 45, 55]",335,438,45,SEAL default TC128 parameter validation,True
101,2,0.5636354060000031,138.899456,11.16384,0.3.16,3.12.13,Linux-6.12.90+-x86_64-with-glibc2.35,4,2,client_only,False,True,False,one context per benchmark run; reuse across queries,256,256,0.03125,20,1,0.4998379870003191,0.08753632700017988,0.07151521099967795,81.78975902699995,0.0010080089996336028,0.00213104900012695,82.45178760999988,0.32207729535156204,3.10484475134596,3.129976210291692,0.5905133720002596,81.86127423799962,26.959971,0.246924,27.206895,0.004096,1327.362048,1327.366144,5.042732337022537e-06,1.7015427111743975e-05,3.500776897959139e-07,1.4687509203858973e-06,1.0,1.0,True,0.99,0.025,0.10628730128013508,poly_n16384_scale45,paper_precision_profile,16384,8192,"[55, 45, 45, 45, 45, 45, 55]",335,438,45,SEAL default TC128 parameter validation,True
101,3,0.5636354060000031,138.899456,11.16384,0.3.16,3.12.13,Linux-6.12.90+-x86_64-with-glibc2.35,4,2,client_only,False,True,False,one context per benchmark run; reuse across queries,256,256,0.03125,20,1,0.5009282310002163,0.08677396999974007,0.06826781400013715,82.11159450100013,0.0010680310001589532,0.0024902810000639874,82.77112282800044,0.32332469854687673,3.0928661017680237,3.1177083036291773,0.5912605130001793,82.17986231500026,26.960534,0.246954,27.207488,0.004096,1327.362048,1327.366144,5.0430091495247105e-06,1.7020751002405632e-05,3.5013442529128387e-07,1.4763425322805723e-06,1.0,1.0,True,0.99,0.025,0.10628730128013508,poly_n16384_scale45,paper_precision_profile,16384,8192,"[55, 45, 45, 45, 45, 45, 55]",335,438,45,SEAL default TC128 parameter validation,True
101,4,0.5636354060000031,138.899456,11.16384,0.3.16,3.12.13,Linux-6.12.90+-x86_64-with-glibc2.35,4,2,client_only,False,True,False,one context per benchmark run; reuse across queries,256,256,0.03125,20,1,0.4975777190002191,0.08936752499994327,0.07563508399971397,83.11259756899972,0.0009624599997550831,0.0021630200003528444,83.7783033769997,0.3272589975664051,3.055683747234748,3.08015881452231,0.5900707240002703,83.18823265299943,26.961199,0.246985,27.208184,0.004096,1327.362048,1327.366144,5.0420054435259165e-06,1.702000206194043e-05,3.498995828836546e-07,1.4755871023397482e-06,1.0,1.0,True,0.99,0.025,0.10628730128013508,poly_n16384_scale45,paper_precision_profile,16384,8192,"[55, 45, 45, 45, 45, 45, 55]",335,438,45,SEAL default TC128 parameter validation,True
101,5,0.5636354060000031,138.899456,11.16384,0.3.16,3.12.13,Linux-6.12.90+-x86_64-with-glibc2.35,4,2,client_only,False,True,False,one context per benchmark run; reuse across queries,256,256,0.03125,20,1,0.4939951729998029,0.08498787700000321,0.06755809100013721,82.12446358499983,0.001081234000139375,0.002227831999789487,82.7743137919997,0.32333716324999884,3.0927468712491204,3.117219751883516,0.582292115999735,82.19202167599997,26.960668,0.246955,27.207623,0.004096,1327.362048,1327.366144,5.044532885417326e-06,1.7020180976601296e-05,3.5014511205678117e-07,1.4762455133321417e-06,1.0,1.0,True,0.99,0.025,0.10628730128013508,poly_n16384_scale45,paper_precision_profile,16384,8192,"[55, 45, 45, 45, 45, 45, 55]",335,438,45,SEAL default TC128 parameter validation,True
101,1,0.5636354060000031,138.899456,11.16384,0.3.16,3.12.13,Linux-6.12.90+-x86_64-with-glibc2.35,4,2,client_only,False,True,False,one context per benchmark run; reuse across queries,512,512,0.0625,20,1,0.5062869819998923,0.0849306949999118,0.06817437100016832,82.11428086199976,0.0010134130002370512,0.0021717080003327283,82.7768580310003,0.16167355084179746,6.185303624453271,6.235212616188661,0.5944027980003739,82.18245523299993,26.960809,0.246936,27.207745,0.004096,1327.73888,1327.742976,5.0904291472615845e-06,1.7022219054751986e-05,3.5273706675105614e-07,1.4693618817229748e-06,1.0,1.0,True,0.99,0.025,0.10628730128013508,poly_n16384_scale45,paper_precision_profile,16384,8192,"[55, 45, 45, 45, 45, 45, 55]",335,438,45,SEAL default TC128 parameter validation,True
101,2,0.5636354060000031,138.899456,11.16384,0.3.16,3.12.13,Linux-6.12.90+-x86_64-with-glibc2.35,4,2,client_only,False,True,False,one context per benchmark run; reuse across queries,512,512,0.0625,20,1,0.5161063129999093,0.08582001700006003,0.07261223899968172,82.74499267700003,0.0013203119997342583,0.00359205299992027,83.42444361099933,0.16293836642773307,6.137289957694053,6.187685604114104,0.6068386949996238,82.81760491599971,26.961046,0.246937,27.207983,0.004096,1327.73888,1327.742976,5.090901611952897e-06,1.702661984381848e-05,3.526906027832013e-07,1.473267623175456e-06,1.0,1.0,True,0.99,0.025,0.10628730128013508,poly_n16384_scale45,paper_precision_profile,16384,8192,"[55, 45, 45, 45, 45, 45, 55]",335,438,45,SEAL default TC128 parameter validation,True
101,3,0.5636354060000031,138.899456,11.16384,0.3.16,3.12.13,Linux-6.12.90+-x86_64-with-glibc2.35,4,2,client_only,False,True,False,one context per benchmark run; reuse across queries,512,512,0.0625,20,1,0.5192667689998416,0.0821254070001487,0.06870227600029466,82.18971997800008,0.0011775009998018504,0.002625506000185851,82.86361743700036,0.16184300280664132,6.178827522093926,6.229489529068212,0.605195182999978,82.25842225400038,26.960498,0.246961,27.207459,0.004096,1327.73888,1327.742976,5.090516405142789e-06,1.7007717033834524e-05,3.527540247058525e-07,1.475185280208624e-06,1.0,1.0,True,0.99,0.025,0.10628730128013508,poly_n16384_scale45,paper_precision_profile,16384,8192,"[55, 45, 45, 45, 45, 45, 55]",335,438,45,SEAL default TC128 parameter validation,True
101,4,0.5636354060000031,138.899456,11.16384,0.3.16,3.12.13,Linux-6.12.90+-x86_64-with-glibc2.35,4,2,client_only,False,True,False,one context per benchmark run; reuse across queries,512,512,0.0625,20,1,0.49708382900007564,0.08304983300013191,0.06700342300018747,82.3773037599999,0.0010275869999532006,0.002235467999980756,83.02770390000023,0.16216348417968796,6.166616393687825,6.215304175184873,0.5833967170001415,82.44430718300009,26.960207,0.246896,27.207103,0.004096,1327.73888,1327.742976,5.0906012861345645e-06,1.704685550407703e-05,3.526780091428195e-07,1.478514220221161e-06,1.0,1.0,True,0.99,0.025,0.10628730128013508,poly_n16384_scale45,paper_precision_profile,16384,8192,"[55, 45, 45, 45, 45, 45, 55]",335,438,45,SEAL default TC128 parameter validation,True
101,5,0.5636354060000031,138.899456,11.16384,0.3.16,3.12.13,Linux-6.12.90+-x86_64-with-glibc2.35,4,2,client_only,False,True,False,one context per benchmark run; reuse across queries,512,512,0.0625,20,1,0.4957506179998745,0.08354513400036012,0.06872988699979032,82.80498284199984,0.0009571350001351675,0.0022713169996677607,83.45623693299967,0.16300046275976499,6.13495190792084,6.183202778713776,0.5825242040000376,82.87371272899964,26.960525,0.246939,27.207464,0.004096,1327.73888,1327.742976,5.090356700454486e-06,1.7032687438245375e-05,3.5271754273386794e-07,1.4709122925782303e-06,1.0,1.0,True,0.99,0.025,0.10628730128013508,poly_n16384_scale45,paper_precision_profile,16384,8192,"[55, 45, 45, 45, 45, 45, 55]",335,438,45,SEAL default TC128 parameter validation,True
202,1,0.47131738300004145,17.854464,11.163451,0.3.16,3.12.13,Linux-6.12.90+-x86_64-with-glibc2.35,4,2,client_only,False,True,False,one context per benchmark run; reuse across queries,16,16,0.001953125,20,1,0.4470682019996275,0.08340463399963483,0.06946623300018473,82.47241355599999,0.0010249339998154028,0.002121945999988384,83.07549950499924,5.192218719062453,0.19259589283645734,0.1940042653066745,0.5336197159990661,82.54187978900018,26.96143,0.246922,27.208352,0.004096,1345.716224,1345.72032,4.384538156598783e-06,1.0661116917276559e-05,2.491236663485254e-07,9.50202089566865e-07,1.0,1.0,True,0.99,0.025,1.0601517090782,poly_n16384_scale45,paper_precision_profile,16384,8192,"[55, 45, 45, 45, 45, 45, 55]",335,438,45,SEAL default TC128 parameter validation,True
202,2,0.47131738300004145,17.854464,11.163451,0.3.16,3.12.13,Linux-6.12.90+-x86_64-with-glibc2.35,4,2,client_only,False,True,False,one context per benchmark run; reuse across queries,16,16,0.001953125,20,1,0.4487799730000006,0.08556061099989165,0.06919613499985644,82.10906996899985,0.0010234900000796188,0.0021491540001079557,82.71577933199978,5.1697362082499865,0.19343346734097894,0.19486276005855108,0.5375132280000798,82.1782661039997,26.961503,0.246958,27.208461,0.004096,1345.716224,1345.72032,4.392208664216746e-06,1.0666314615548345e-05,2.496063946093753e-07,9.523293614810413e-07,1.0,1.0,True,0.99,0.025,1.0601517090782,poly_n16384_scale45,paper_precision_profile,16384,8192,"[55, 45, 45, 45, 45, 45, 55]",335,438,45,SEAL default TC128 parameter validation,True
202,3,0.47131738300004145,17.854464,11.163451,0.3.16,3.12.13,Linux-6.12.90+-x86_64-with-glibc2.35,4,2,client_only,False,True,False,one context per benchmark run; reuse across queries,16,16,0.001953125,20,1,0.4463141349997386,0.09203744400019787,0.07868849399983446,82.3237486500002,0.0011022350004168402,0.002335871000013867,82.9442268290004,5.184014176812525,0.19290070703758494,0.1943546092394805,0.5417896850003672,82.40243714400003,26.960605,0.246952,27.207557,0.004096,1345.716224,1345.72032,4.388692289414298e-06,1.0669715535982505e-05,2.4939865791576554e-07,9.517351836629828e-07,1.0,1.0,True,0.99,0.025,1.0601517090782,poly_n16384_scale45,paper_precision_profile,16384,8192,"[55, 45, 45, 45, 45, 45, 55]",335,438,45,SEAL default TC128 parameter validation,True
202,4,0.47131738300004145,17.854464,11.163451,0.3.16,3.12.13,Linux-6.12.90+-x86_64-with-glibc2.35,4,2,client_only,False,True,False,one context per benchmark run; reuse across queries,16,16,0.001953125,20,1,0.5010420049998174,0.08460643699982029,0.07071237300033317,82.0467381919998,0.0010531259999879694,0.0021505830000023707,82.70630271599975,5.169143919749985,0.19345563124664691,0.19501079936362573,0.5888521509996281,82.11745056500013,26.960728,0.246954,27.207682,0.004096,1345.716224,1345.72032,4.392351552223728e-06,1.0666298422279397e-05,2.499503810993079e-07,9.534614746620207e-07,1.0,1.0,True,0.99,0.025,1.0601517090782,poly_n16384_scale45,paper_precision_profile,16384,8192,"[55, 45, 45, 45, 45, 45, 55]",335,438,45,SEAL default TC128 parameter validation,True
202,5,0.47131738300004145,17.854464,11.163451,0.3.16,3.12.13,Linux-6.12.90+-x86_64-with-glibc2.35,4,2,client_only,False,True,False,one context per benchmark run; reuse across queries,16,16,0.001953125,20,1,0.44683012500036057,0.08195384000009653,0.06818824299989501,81.76389810499995,0.001050302000294323,0.002126727999893774,82.3640473430005,5.147752958937531,0.1942595163320337,0.19568538647035938,0.5319609950006452,81.83208634799985,26.960147,0.24701,27.207157,0.008192,1345.716224,1345.724416,4.389931184636819e-06,1.0667099896721766e-05,2.4922857988031885e-07,9.525991844228088e-07,1.0,1.0,True,0.99,0.025,1.0601517090782,poly_n16384_scale45,paper_precision_profile,16384,8192,"[55, 45, 45, 45, 45, 45, 55]",335,438,45,SEAL default TC128 parameter validation,True
202,1,0.47131738300004145,17.854464,11.163451,0.3.16,3.12.13,Linux-6.12.90+-x86_64-with-glibc2.35,4,2,client_only,False,True,False,one context per benchmark run; reuse across queries,32,32,0.00390625,20,1,0.449676515000192,0.08266173299989532,0.07143914800008133,81.81970074499986,0.001019016999634914,0.0021938489999229205,82.42669100699959,2.575834093968737,0.3882237611271159,0.3911038504006698,0.5355511139996452,81.89113989299995,26.961009,0.24695,27.207959,0.004096,1345.72032,1345.724416,4.950550698603132e-06,1.4834744426650559e-05,3.4178965268271835e-07,1.3639102229290323e-06,1.0,1.0,True,0.99,0.025,0.24176455727010193,poly_n16384_scale45,paper_precision_profile,16384,8192,"[55, 45, 45, 45, 45, 45, 55]",335,438,45,SEAL default TC128 parameter validation,True
202,2,0.47131738300004145,17.854464,11.163451,0.3.16,3.12.13,Linux-6.12.90+-x86_64-with-glibc2.35,4,2,client_only,False,True,False,one context per benchmark run; reuse across queries,32,32,0.00390625,20,1,0.4578470579999703,0.09961700399981055,0.06772409899986087,82.18825567900012,0.001011192999612831,0.002302051999777177,82.81675708499915,2.5880236589062235,0.3863952311868084,0.3893500322598561,0.5607773069991708,82.25597977799998,26.960475,0.246971,27.207446,0.004096,1345.72032,1345.724416,4.95235611880189e-06,1.483698103044162e-05,3.4214710494815164e-07,1.3636381208659287e-06,1.0,1.0,True,0.99,0.025,0.24176455727010193,poly_n16384_scale45,paper_precision_profile,16384,8192,"[55, 45, 45, 45, 45, 45, 55]",335,438,45,SEAL default TC128 parameter validation,True
202,3,0.47131738300004145,17.854464,11.163451,0.3.16,3.12.13,Linux-6.12.90+-x86_64-with-glibc2.35,4,2,client_only,False,True,False,one context per benchmark run; reuse across queries,32,32,0.00390625,20,1,0.4476731889999428,0.08407558499993684,0.06854439399967305,82.22461549400032,0.000968508999903861,0.0021219669997663004,82.82799913799954,2.5883749730624857,0.3863427866546054,0.38917786124928666,0.5348392499995498,82.29315988799999,26.960251,0.246959,27.20721,0.004096,1345.72032,1345.724416,4.954092239078944e-06,1.4844940686487007e-05,3.4218902444041465e-07,1.3639144904598055e-06,1.0,1.0,True,0.99,0.025,0.24176455727010193,poly_n16384_scale45,paper_precision_profile,16384,8192,"[55, 45, 45, 45, 45, 45, 55]",335,438,45,SEAL default TC128 parameter validation,True
202,4,0.47131738300004145,17.854464,11.163451,0.3.16,3.12.13,Linux-6.12.90+-x86_64-with-glibc2.35,4,2,client_only,False,True,False,one context per benchmark run; reuse across queries,32,32,0.00390625,20,1,0.45981702600010976,0.08344861900013711,0.07020075499985978,81.68814693100012,0.0009643600001254526,0.00215686999990794,82.30473456100026,2.572022955031258,0.38879901831507835,0.3917336994684134,0.5463868750002803,81.75834768599998,26.960384,0.246876,27.20726,0.004096,1345.72032,1345.724416,4.95505389951599e-06,1.48394132111207e-05,3.4207936531924463e-07,1.3643088992432162e-06,1.0,1.0,True,0.99,0.025,0.24176455727010193,poly_n16384_scale45,paper_precision_profile,16384,8192,"[55, 45, 45, 45, 45, 45, 55]",335,438,45,SEAL default TC128 parameter validation,True
202,5,0.47131738300004145,17.854464,11.163451,0.3.16,3.12.13,Linux-6.12.90+-x86_64-with-glibc2.35,4,2,client_only,False,True,False,one context per benchmark run; reuse across queries,32,32,0.00390625,20,1,0.4548833410003681,0.08020984999984648,0.06518285799984369,82.20227302300009,0.0009714999996504048,0.0022198750002644374,82.80574044700006,2.587679388968752,0.3864466379656571,0.3892836392863059,0.5382845660001294,82.26745588099993,26.960327,0.246991,27.207318,0.004096,1345.72032,1345.724416,4.953812264376668e-06,1.4833467773200937e-05,3.420566199338726e-07,1.3614782626847344e-06,1.0,1.0,True,0.99,0.025,0.24176455727010193,poly_n16384_scale45,paper_precision_profile,16384,8192,"[55, 45, 45, 45, 45, 45, 55]",335,438,45,SEAL default TC128 parameter validation,True
202,1,0.47131738300004145,17.854464,11.163451,0.3.16,3.12.13,Linux-6.12.90+-x86_64-with-glibc2.35,4,2,client_only,False,True,False,one context per benchmark run; reuse across queries,64,64,0.0078125,20,1,0.4536836110000877,0.08547115200053668,0.07230980500025908,81.78583757199976,0.0010766420000436483,0.0025959690001400304,82.40097475100083,1.287515230484388,0.7766898412718433,0.7825315714796943,0.542827374000808,81.85814737700002,26.96034,0.24696,27.2073,0.004096,1345.72032,1345.724416,4.9030105122600115e-06,1.4838992832721942e-05,4.277360885011846e-07,1.357513468691618e-06,1.0,1.0,True,0.99,0.025,0.24176455727010193,poly_n16384_scale45,paper_precision_profile,16384,8192,"[55, 45, 45, 45, 45, 45, 55]",335,438,45,SEAL default TC128 parameter validation,True
202,2,0.47131738300004145,17.854464,11.163451,0.3.16,3.12.13,Linux-6.12.90+-x86_64-with-glibc2.35,4,2,client_only,False,True,False,one context per benchmark run; reuse across queries,64,64,0.0078125,20,1,0.4609595409992835,0.08327840299989475,0.0657886069993765,81.86851652199948,0.0009622649995435495,0.0021990470004311646,82.48170438499801,1.288776631015594,0.7759296498198998,0.7817412934653836,0.547399255999153,81.93430512899886,26.96036,0.246935,27.207295,0.004096,1345.72032,1345.724416,4.9048724516543435e-06,1.4829092300772118e-05,4.280542317116394e-07,1.364548076754346e-06,1.0,1.0,True,0.99,0.025,0.24176455727010193,poly_n16384_scale45,paper_precision_profile,16384,8192,"[55, 45, 45, 45, 45, 45, 55]",335,438,45,SEAL default TC128 parameter validation,True
202,3,0.47131738300004145,17.854464,11.163451,0.3.16,3.12.13,Linux-6.12.90+-x86_64-with-glibc2.35,4,2,client_only,False,True,False,one context per benchmark run; reuse across queries,64,64,0.0078125,20,1,0.4963842119996116,0.08736811200014927,0.06955943000048137,82.432718131,0.0010134920003110892,0.0021395359999587527,83.08918291300051,1.298268483015633,0.7702567019706036,0.7763907517679183,0.5869053520000307,82.50227756100048,26.959948,0.246893,27.206841,0.004096,1345.72032,1345.724416,4.905592262553597e-06,1.483443701744136e-05,4.2803608404672974e-07,1.3661375197204784e-06,1.0,1.0,True,0.99,0.025,0.24176455727010193,poly_n16384_scale45,paper_precision_profile,16384,8192,"[55, 45, 45, 45, 45, 45, 55]",335,438,45,SEAL default TC128 parameter validation,True
202,4,0.47131738300004145,17.854464,11.163451,0.3.16,3.12.13,Linux-6.12.90+-x86_64-with-glibc2.35,4,2,client_only,False,True,False,one context per benchmark run; reuse across queries,64,64,0.0078125,20,1,0.4528984540002057,0.08951289800006634,0.0694639109997297,83.03993206799987,0.0010657009997885325,0.002116780000505969,83.65498981200017,1.3071092158125026,0.765047012065015,0.7707135399339149,0.5455938330005665,83.1093959789996,26.960915,0.246927,27.207842,0.004096,1345.72032,1345.724416,4.904924693922581e-06,1.4835369270826959e-05,4.277956574376091e-07,1.3585517433245542e-06,1.0,1.0,True,0.99,0.025,0.24176455727010193,poly_n16384_scale45,paper_precision_profile,16384,8192,"[55, 45, 45, 45, 45, 45, 55]",335,438,45,SEAL default TC128 parameter validation,True
202,5,0.47131738300004145,17.854464,11.163451,0.3.16,3.12.13,Linux-6.12.90+-x86_64-with-glibc2.35,4,2,client_only,False,True,False,one context per benchmark run; reuse across queries,64,64,0.0078125,20,1,0.5016518840002391,0.08971615999962523,0.06666564500028471,82.22566363700025,0.0010071529995911987,0.0021411609995993786,82.88684563999959,1.2951069631249936,0.7721369959953553,0.7783458006801786,0.5945163579990549,82.29232928200054,26.959951,0.246919,27.20687,0.004096,1345.72032,1345.724416,4.904094971201929e-06,1.4836272058005306e-05,4.280304938982574e-07,1.3640463777941925e-06,1.0,1.0,True,0.99,0.025,0.24176455727010193,poly_n16384_scale45,paper_precision_profile,16384,8192,"[55, 45, 45, 45, 45, 45, 55]",335,438,45,SEAL default TC128 parameter validation,True
202,1,0.47131738300004145,17.854464,11.163451,0.3.16,3.12.13,Linux-6.12.90+-x86_64-with-glibc2.35,4,2,client_only,False,True,False,one context per benchmark run; reuse across queries,128,128,0.015625,20,1,0.5107563449992085,0.09369425699969725,0.07351098200069828,82.16991818899987,0.0010643099994922522,0.002128557000105502,82.85107263999907,0.6472740049999928,1.544940770485617,1.5577476870012927,0.6076434689985035,82.24342917100057,26.959875,0.246974,27.206849,0.004096,1345.72032,1345.724416,5.2176838986135905e-06,1.514070942221224e-05,3.5033024721213166e-07,1.362226338730288e-06,1.0,1.0,True,0.99,0.025,0.24176455727010193,poly_n16384_scale45,paper_precision_profile,16384,8192,"[55, 45, 45, 45, 45, 45, 55]",335,438,45,SEAL default TC128 parameter validation,True
202,2,0.47131738300004145,17.854464,11.163451,0.3.16,3.12.13,Linux-6.12.90+-x86_64-with-glibc2.35,4,2,client_only,False,True,False,one context per benchmark run; reuse across queries,128,128,0.015625,20,1,0.4943222890005927,0.0829507240005114,0.06551622900042275,82.31943024100019,0.0010461359997862019,0.0022671200003969716,82.9655327390019,0.6481682245234524,1.5428093543697274,1.5549184393680127,0.5805862690012873,82.38494647000061,26.961005,0.246916,27.207921,0.004096,1345.72032,1345.724416,5.216525434168992e-06,1.5140478453190553e-05,3.500007757646546e-07,1.3618402670556584e-06,1.0,1.0,True,0.99,0.025,0.24176455727010193,poly_n16384_scale45,paper_precision_profile,16384,8192,"[55, 45, 45, 45, 45, 45, 55]",335,438,45,SEAL default TC128 parameter validation,True
202,3,0.47131738300004145,17.854464,11.163451,0.3.16,3.12.13,Linux-6.12.90+-x86_64-with-glibc2.35,4,2,client_only,False,True,False,one context per benchmark run; reuse across queries,128,128,0.015625,20,1,0.49319369999921037,0.08468894500038004,0.06884202099990944,82.11581246700007,0.0010562980005488498,0.0023902080001789727,82.7659836390003,0.6466092471796898,1.5465290735659778,1.558774079613953,0.5813291510003182,82.18465448799998,26.95998,0.246932,27.206912,0.004096,1345.72032,1345.724416,5.2186142244883046e-06,1.5129618674336598e-05,3.5013354027355776e-07,1.3678044231690833e-06,1.0,1.0,True,0.99,0.025,0.24176455727010193,poly_n16384_scale45,paper_precision_profile,16384,8192,"[55, 45, 45, 45, 45, 45, 55]",335,438,45,SEAL default TC128 parameter validation,True
202,4,0.47131738300004145,17.854464,11.163451,0.3.16,3.12.13,Linux-6.12.90+-x86_64-with-glibc2.35,4,2,client_only,False,True,False,one context per benchmark run; reuse across queries,128,128,0.015625,20,1,0.5328625909996845,0.08794645900070464,0.07574120999925071,81.93711600500046,0.0010588200002530357,0.002352419000089867,82.63707750400044,0.6456021680000035,1.548941514706925,1.5621736063078961,0.624220289000732,82.01285721499971,26.961316,0.246941,27.208257,0.004096,1345.72032,1345.724416,5.2173844250853665e-06,1.5154865877775592e-05,3.5016168433217e-07,1.3703554824773256e-06,1.0,1.0,True,0.99,0.025,0.24176455727010193,poly_n16384_scale45,paper_precision_profile,16384,8192,"[55, 45, 45, 45, 45, 45, 55]",335,438,45,SEAL default TC128 parameter validation,True
202,5,0.47131738300004145,17.854464,11.163451,0.3.16,3.12.13,Linux-6.12.90+-x86_64-with-glibc2.35,4,2,client_only,False,True,False,one context per benchmark run; reuse across queries,128,128,0.015625,20,1,0.5061294350007302,0.08700140699966141,0.07847963899985189,82.058753884,0.0013175289996070205,0.002443735000269953,82.73412562900012,0.6463603564765634,1.5471245876699422,1.5598579547155142,0.5968921060002685,82.13723352299985,26.960198,0.246925,27.207123,0.004096,1345.72032,1345.724416,5.216485176627768e-06,1.511597395165154e-05,3.5021439717645536e-07,1.3648803630084139e-06,1.0,1.0,True,0.99,0.025,0.24176455727010193,poly_n16384_scale45,paper_precision_profile,16384,8192,"[55, 45, 45, 45, 45, 45, 55]",335,438,45,SEAL default TC128 parameter validation,True
202,1,0.47131738300004145,17.854464,11.163451,0.3.16,3.12.13,Linux-6.12.90+-x86_64-with-glibc2.35,4,2,client_only,False,True,False,one context per benchmark run; reuse across queries,256,256,0.03125,20,1,0.5067556760004663,0.09140548200048215,0.07145662699986133,82.4211643409999,0.0010680100003810367,0.0021747090004282654,83.09402484500151,0.32458603455078716,3.0808472748495053,3.105998344561779,0.6014038770017578,82.49262096799976,26.961164,0.246921,27.208085,0.004096,1345.72032,1345.724416,5.368196857806864e-06,1.6091104377835563e-05,3.683018788652745e-07,1.459764564837318e-06,1.0,1.0,True,0.99,0.025,0.12234328142097972,poly_n16384_scale45,paper_precision_profile,16384,8192,"[55, 45, 45, 45, 45, 45, 55]",335,438,45,SEAL default TC128 parameter validation,True
202,2,0.47131738300004145,17.854464,11.163451,0.3.16,3.12.13,Linux-6.12.90+-x86_64-with-glibc2.35,4,2,client_only,False,True,False,one context per benchmark run; reuse across queries,256,256,0.03125,20,1,0.4966441060005309,0.09259888699943986,0.07891868600017915,82.51033344700045,0.0010233700004391721,0.0021700870001950534,83.18168858300123,0.32492847102734856,3.077600423373894,3.1026416850495293,0.592436450000605,82.58925213300063,26.960102,0.246938,27.20704,0.004096,1345.72032,1345.724416,5.367647985734831e-06,1.6093284919804773e-05,3.684225405159844e-07,1.460425317068026e-06,1.0,1.0,True,0.99,0.025,0.12234328142097972,poly_n16384_scale45,paper_precision_profile,16384,8192,"[55, 45, 45, 45, 45, 45, 55]",335,438,45,SEAL default TC128 parameter validation,True
202,3,0.47131738300004145,17.854464,11.163451,0.3.16,3.12.13,Linux-6.12.90+-x86_64-with-glibc2.35,4,2,client_only,False,True,False,one context per benchmark run; reuse across queries,256,256,0.03125,20,1,0.5102239509997162,0.09120844600056444,0.07582711099985318,82.10438953700032,0.0012041740001222934,0.0021927219995632186,82.78504594100013,0.3233790857070318,3.092345931443319,3.1179818940695454,0.6048292929999661,82.18021664800017,26.961722,0.246894,27.208616,0.004096,1345.72032,1345.724416,5.3682763650590454e-06,1.6096589497749392e-05,3.683159320803808e-07,1.4590350448928646e-06,1.0,1.0,True,0.99,0.025,0.12234328142097972,poly_n16384_scale45,paper_precision_profile,16384,8192,"[55, 45, 45, 45, 45, 45, 55]",335,438,45,SEAL default TC128 parameter validation,True
202,4,0.47131738300004145,17.854464,11.163451,0.3.16,3.12.13,Linux-6.12.90+-x86_64-with-glibc2.35,4,2,client_only,False,True,False,one context per benchmark run; reuse across queries,256,256,0.03125,20,1,0.5008243570000559,0.08384442399983527,0.06797833499967965,82.4294898219996,0.0009832539999479195,0.002348883000195201,83.08546907499931,0.32455261357421605,3.0811645267226546,3.105684634865667,0.5880009180000343,82.49746815699928,26.960335,0.246931,27.207266,0.004096,1345.72032,1345.724416,5.3673760800844374e-06,1.6096969304157938e-05,3.6834110267756717e-07,1.4559995909491086e-06,1.0,1.0,True,0.99,0.025,0.12234328142097972,poly_n16384_scale45,paper_precision_profile,16384,8192,"[55, 45, 45, 45, 45, 45, 55]",335,438,45,SEAL default TC128 parameter validation,True
202,5,0.47131738300004145,17.854464,11.163451,0.3.16,3.12.13,Linux-6.12.90+-x86_64-with-glibc2.35,4,2,client_only,False,True,False,one context per benchmark run; reuse across queries,256,256,0.03125,20,1,0.5087592179997955,0.09008255000026111,0.07222112900035427,82.62729214000046,0.0010044589998869924,0.0021343090002119425,83.30149380500097,0.32539646017578505,3.0731741809968733,3.0982499047196606,0.6019805360001556,82.69951326900082,26.959757,0.246888,27.206645,0.004096,1345.72032,1345.724416,5.367049521316834e-06,1.6093529055183353e-05,3.6823232311141095e-07,1.4503355633133097e-06,1.0,1.0,True,0.99,0.025,0.12234328142097972,poly_n16384_scale45,paper_precision_profile,16384,8192,"[55, 45, 45, 45, 45, 45, 55]",335,438,45,SEAL default TC128 parameter validation,True
202,1,0.47131738300004145,17.854464,11.163451,0.3.16,3.12.13,Linux-6.12.90+-x86_64-with-glibc2.35,4,2,client_only,False,True,False,one context per benchmark run; reuse across queries,512,512,0.0625,20,1,0.5050088130001313,0.08634040499964613,0.06866233500022645,82.3390048629999,0.00091286799943191,0.00230980800006364,83.0022390919994,0.16211374822656133,6.168508290872743,6.218195141560107,0.594571893999273,82.40766719800013,26.960811,0.246947,27.207758,0.004096,1345.72032,1345.724416,5.304483544127321e-06,1.6748827796675414e-05,3.6150852850451926e-07,1.464202375900392e-06,1.0,1.0,True,0.99,0.025,0.12234328142097972,poly_n16384_scale45,paper_precision_profile,16384,8192,"[55, 45, 45, 45, 45, 45, 55]",335,438,45,SEAL default TC128 parameter validation,True
202,2,0.47131738300004145,17.854464,11.163451,0.3.16,3.12.13,Linux-6.12.90+-x86_64-with-glibc2.35,4,2,client_only,False,True,False,one context per benchmark run; reuse across queries,512,512,0.0625,20,1,0.5089422259998173,0.08523635599976842,0.0689706949997344,82.21809436399963,0.0010202419998677215,0.002152089999981399,82.8844159729988,0.16188362494726327,6.177277042849574,6.22733966240145,0.5973509139994349,82.28706505899936,26.959742,0.246982,27.206724,0.004096,1345.72032,1345.724416,5.30495288503279e-06,1.671883871523505e-05,3.614467039807847e-07,1.4578272564680361e-06,1.0,1.0,True,0.99,0.025,0.12234328142097972,poly_n16384_scale45,paper_precision_profile,16384,8192,"[55, 45, 45, 45, 45, 45, 55]",335,438,45,SEAL default TC128 parameter validation,True
202,3,0.47131738300004145,17.854464,11.163451,0.3.16,3.12.13,Linux-6.12.90+-x86_64-with-glibc2.35,4,2,client_only,False,True,False,one context per benchmark run; reuse across queries,512,512,0.0625,20,1,0.4991916439994384,0.08459941300043283,0.06905223400008254,83.10185859799913,0.0010086890006277827,0.002256062999549613,83.75796664099926,0.16358977859570167,6.1128513565105775,6.16111370597345,0.5870558090000486,83.17091083199921,26.960349,0.246929,27.207278,0.004096,1345.72032,1345.724416,5.304336340357802e-06,1.6697800127474238e-05,3.614615036285128e-07,1.4575743322864376e-06,1.0,1.0,True,0.99,0.025,0.12234328142097972,poly_n16384_scale45,paper_precision_profile,16384,8192,"[55, 45, 45, 45, 45, 45, 55]",335,438,45,SEAL default TC128 parameter validation,True
202,4,0.47131738300004145,17.854464,11.163451,0.3.16,3.12.13,Linux-6.12.90+-x86_64-with-glibc2.35,4,2,client_only,False,True,False,one context per benchmark run; reuse across queries,512,512,0.0625,20,1,0.5087220719997276,0.08454983999945398,0.07302382200032298,82.09009278600024,0.001154411999777949,0.0024844600002325024,82.76002739199976,0.16164067849999952,6.1865615096388185,6.237049839068,0.5969107839991921,82.16311660800056,26.960506,0.246981,27.207487,0.004096,1345.72032,1345.724416,5.303920067815108e-06,1.671402943514977e-05,3.613296680684974e-07,1.4471740357735463e-06,1.0,1.0,True,0.99,0.025,0.12234328142097972,poly_n16384_scale45,paper_precision_profile,16384,8192,"[55, 45, 45, 45, 45, 45, 55]",335,438,45,SEAL default TC128 parameter validation,True
202,5,0.47131738300004145,17.854464,11.163451,0.3.16,3.12.13,Linux-6.12.90+-x86_64-with-glibc2.35,4,2,client_only,False,True,False,one context per benchmark run; reuse across queries,512,512,0.0625,20,1,0.501378853999995,0.08235022499957267,0.0670891390000179,82.97680308700001,0.0011655239995889133,0.00221699899975647,83.63100382799894,0.16334180435156043,6.122131465180224,6.17039920739264,0.5871116019989131,83.04389222600003,26.96039,0.246951,27.207341,0.004096,1345.72032,1345.724416,5.304492539606921e-06,1.6689032925398806e-05,3.614604890425671e-07,1.4538769223526593e-06,1.0,1.0,True,0.99,0.025,0.12234328142097972,poly_n16384_scale45,paper_precision_profile,16384,8192,"[55, 45, 45, 45, 45, 45, 55]",335,438,45,SEAL default TC128 parameter validation,True
303,1,0.48381179699936183,3.375104,11.164004,0.3.16,3.12.13,Linux-6.12.90+-x86_64-with-glibc2.35,4,2,client_only,False,True,False,one context per benchmark run; reuse across queries,16,16,0.001953125,20,1,0.45385537599941017,0.08989996699983749,0.06710613300037949,82.45189181500064,0.0009891869995044544,0.0023426300003848155,83.06608510800015,5.1916303192500095,0.19261772092903207,0.1940525517097849,0.5470871599991369,82.51899794800102,26.960805,0.246944,27.207749,0.004096,1349.054464,1349.05856,5.113447808600263e-06,1.22078649020807e-05,5.359245153735656e-07,1.3515177257339417e-06,1.0,1.0,True,0.99,0.025,0.2647500161933891,poly_n16384_scale45,paper_precision_profile,16384,8192,"[55, 45, 45, 45, 45, 45, 55]",335,438,45,SEAL default TC128 parameter validation,True
303,2,0.48381179699936183,3.375104,11.164004,0.3.16,3.12.13,Linux-6.12.90+-x86_64-with-glibc2.35,4,2,client_only,False,True,False,one context per benchmark run; reuse across queries,16,16,0.001953125,20,1,0.4534909490002974,0.08717470899955515,0.06992336499934027,81.69492891600021,0.0010492599994904594,0.002292625999871234,82.30885982499876,5.144303739062423,0.19438976598653473,0.19585058965473132,0.5440075439992142,81.76485228099955,26.96049,0.246952,27.207442,0.004096,1349.054464,1349.05856,5.113837033877272e-06,1.2222494085278868e-05,5.362604811901147e-07,1.351485986456069e-06,1.0,1.0,True,0.99,0.025,0.2647500161933891,poly_n16384_scale45,paper_precision_profile,16384,8192,"[55, 45, 45, 45, 45, 45, 55]",335,438,45,SEAL default TC128 parameter validation,True
303,3,0.48381179699936183,3.375104,11.164004,0.3.16,3.12.13,Linux-6.12.90+-x86_64-with-glibc2.35,4,2,client_only,False,True,False,one context per benchmark run; reuse across queries,16,16,0.001953125,20,1,0.4724195669996334,0.08451590999993641,0.0698273309999422,81.42760536199967,0.0010527409995120252,0.002202429000135453,82.05762333999883,5.128601458749927,0.19498493069565703,0.1964935592649372,0.5601906469992173,81.49743269299961,26.960088,0.246928,27.207016,0.004096,1349.054464,1349.05856,5.10633967958779e-06,1.2217383801527149e-05,5.355036534164286e-07,1.3442399289242957e-06,1.0,1.0,True,0.99,0.025,0.2647500161933891,poly_n16384_scale45,paper_precision_profile,16384,8192,"[55, 45, 45, 45, 45, 45, 55]",335,438,45,SEAL default TC128 parameter validation,True
303,4,0.48381179699936183,3.375104,11.164004,0.3.16,3.12.13,Linux-6.12.90+-x86_64-with-glibc2.35,4,2,client_only,False,True,False,one context per benchmark run; reuse across queries,16,16,0.001953125,20,1,0.44500973600042926,0.08301556599963078,0.0680901019995872,81.35123794999981,0.0009087909993468202,0.0020500059999903897,81.9503121509988,5.121894509437425,0.19524025693177294,0.19667801502706003,0.5309840989993972,81.4193280519994,26.961237,0.24693,27.208167,0.004096,1349.054464,1349.05856,5.113816097922913e-06,1.2221695758540818e-05,5.359541374661722e-07,1.3523712105723007e-06,1.0,1.0,True,0.99,0.025,0.2647500161933891,poly_n16384_scale45,paper_precision_profile,16384,8192,"[55, 45, 45, 45, 45, 45, 55]",335,438,45,SEAL default TC128 parameter validation,True
303,5,0.48381179699936183,3.375104,11.164004,0.3.16,3.12.13,Linux-6.12.90+-x86_64-with-glibc2.35,4,2,client_only,False,True,False,one context per benchmark run; reuse across queries,16,16,0.001953125,20,1,0.4510462339994774,0.0870192339998539,0.06960089599942876,81.7697162710001,0.0010236260004603537,0.002185862999795063,82.38059212399912,5.148787007749945,0.19422050251735054,0.19567146285518483,0.5412749569995867,81.83931716699954,26.960901,0.246912,27.207813,0.004096,1349.054464,1349.05856,5.10767685985708e-06,1.2179019567071236e-05,5.361091174794683e-07,1.3495832755783255e-06,1.0,1.0,True,0.99,0.025,0.2647500161933891,poly_n16384_scale45,paper_precision_profile,16384,8192,"[55, 45, 45, 45, 45, 45, 55]",335,438,45,SEAL default TC128 parameter validation,True
303,1,0.48381179699936183,3.375104,11.164004,0.3.16,3.12.13,Linux-6.12.90+-x86_64-with-glibc2.35,4,2,client_only,False,True,False,one context per benchmark run; reuse across queries,32,32,0.00390625,20,1,0.4521220960004939,0.08695285100020556,0.06816437199995562,81.194056198,0.0009133369994742679,0.0020947350003552856,81.80430358900048,2.556384487156265,0.3911774637282379,0.39411751916870286,0.542083019000529,81.26222056999995,26.95987,0.246947,27.206817,0.008192,1349.054464,1349.062656,5.0486685079630805e-06,1.2188865440521113e-05,4.305502204459201e-07,1.3508699401310054e-06,1.0,1.0,True,0.99,0.025,0.2647500161933891,poly_n16384_scale45,paper_precision_profile,16384,8192,"[55, 45, 45, 45, 45, 45, 55]",335,438,45,SEAL default TC128 parameter validation,True
303,2,0.48381179699936183,3.375104,11.164004,0.3.16,3.12.13,Linux-6.12.90+-x86_64-with-glibc2.35,4,2,client_only,False,True,False,one context per benchmark run; reuse across queries,32,32,0.00390625,20,1,0.4513708720005525,0.08729551099986566,0.06903995299944654,81.72596878199965,0.0009987949997594114,0.002316147999408713,82.33699006099869,2.573030939406209,0.38864670637453547,0.39155240955734105,0.5419813259995863,81.7950087349991,26.960677,0.246981,27.207658,0.004096,1349.05856,1349.062656,5.047528197224885e-06,1.2197170864425289e-05,4.306417723745958e-07,1.3483094920552219e-06,1.0,1.0,True,0.99,0.025,0.2647500161933891,poly_n16384_scale45,paper_precision_profile,16384,8192,"[55, 45, 45, 45, 45, 45, 55]",335,438,45,SEAL default TC128 parameter validation,True
303,3,0.48381179699936183,3.375104,11.164004,0.3.16,3.12.13,Linux-6.12.90+-x86_64-with-glibc2.35,4,2,client_only,False,True,False,one context per benchmark run; reuse across queries,32,32,0.00390625,20,1,0.447939740000038,0.08218593499987037,0.06925974700061488,81.44336659799956,0.0010425629998280783,0.0021117470005265204,82.04590633000043,2.5639345728125136,0.3900255531493722,0.3929110661393754,0.533279985000263,81.51262634500017,26.961106,0.246937,27.208043,0.004096,1349.05856,1349.062656,5.050240034101469e-06,1.219449761080682e-05,4.30590728394549e-07,1.351955982054065e-06,1.0,1.0,True,0.99,0.025,0.2647500161933891,poly_n16384_scale45,paper_precision_profile,16384,8192,"[55, 45, 45, 45, 45, 45, 55]",335,438,45,SEAL default TC128 parameter validation,True
303,4,0.48381179699936183,3.375104,11.164004,0.3.16,3.12.13,Linux-6.12.90+-x86_64-with-glibc2.35,4,2,client_only,False,True,False,one context per benchmark run; reuse across queries,32,32,0.00390625,20,1,0.4460762380003871,0.0832863499999803,0.07126218499979586,81.23764840799959,0.0009236429996235529,0.002087315000608214,81.84128413899998,2.5575401293437494,0.3910007074870784,0.3939060352816529,0.5323735460005992,81.30891059299938,26.959857,0.246933,27.20679,0.004096,1349.05856,1349.062656,5.04938837737369e-06,1.220525939160666e-05,4.30473775314301e-07,1.3505414023784468e-06,1.0,1.0,True,0.99,0.025,0.2647500161933891,poly_n16384_scale45,paper_precision_profile,16384,8192,"[55, 45, 45, 45, 45, 45, 55]",335,438,45,SEAL default TC128 parameter validation,True
303,5,0.48381179699936183,3.375104,11.164004,0.3.16,3.12.13,Linux-6.12.90+-x86_64-with-glibc2.35,4,2,client_only,False,True,False,one context per benchmark run; reuse across queries,32,32,0.00390625,20,1,0.4543459989999974,0.08248069199999009,0.06836843199926079,80.96680257200023,0.000941642000725551,0.002184355000281357,81.57512369200049,2.5492226153750153,0.3922764508555446,0.3952237087730345,0.5399526880009944,81.0351710039995,26.960686,0.246955,27.207641,0.004096,1349.05856,1349.062656,5.048960821034398e-06,1.2188852920758109e-05,4.3054976706461056e-07,1.3479672142935328e-06,1.0,1.0,True,0.99,0.025,0.2647500161933891,poly_n16384_scale45,paper_precision_profile,16384,8192,"[55, 45, 45, 45, 45, 45, 55]",335,438,45,SEAL default TC128 parameter validation,True
303,1,0.48381179699936183,3.375104,11.164004,0.3.16,3.12.13,Linux-6.12.90+-x86_64-with-glibc2.35,4,2,client_only,False,True,False,one context per benchmark run; reuse across queries,64,64,0.0078125,20,1,0.44517156499932753,0.08232110900007683,0.06829098499929387,82.46588032,0.0009504849995209952,0.0021442479992401786,83.06475871199746,1.2978868548749602,0.7704831867615618,0.7760785400174578,0.5305874069981655,82.53417130499929,26.961423,0.246922,27.208345,0.004096,1349.05856,1349.062656,5.224321147644789e-06,1.2205231620043833e-05,4.3612270913247584e-07,1.3811145200826047e-06,1.0,1.0,True,0.99,0.025,0.2107954760015076,poly_n16384_scale45,paper_precision_profile,16384,8192,"[55, 45, 45, 45, 45, 45, 55]",335,438,45,SEAL default TC128 parameter validation,True
303,2,0.48381179699936183,3.375104,11.164004,0.3.16,3.12.13,Linux-6.12.90+-x86_64-with-glibc2.35,4,2,client_only,False,True,False,one context per benchmark run; reuse across queries,64,64,0.0078125,20,1,0.46894132400029775,0.09599315099967498,0.07430901199950313,83.44283516799987,0.0010125460003109765,0.0021360190003179014,84.08522721999998,1.3138316753124997,0.7611325094305907,0.7669921554216778,0.5680830400006016,83.51714417999938,26.960222,0.246955,27.207177,0.004096,1349.05856,1349.062656,5.227191273305797e-06,1.2211745492152204e-05,4.3608031916084554e-07,1.3819129284775578e-06,1.0,1.0,True,0.99,0.025,0.2107954760015076,poly_n16384_scale45,paper_precision_profile,16384,8192,"[55, 45, 45, 45, 45, 45, 55]",335,438,45,SEAL default TC128 parameter validation,True
303,3,0.48381179699936183,3.375104,11.164004,0.3.16,3.12.13,Linux-6.12.90+-x86_64-with-glibc2.35,4,2,client_only,False,True,False,one context per benchmark run; reuse across queries,64,64,0.0078125,20,1,0.495855322999887,0.08307464700010314,0.07006300400007603,81.35364966500038,0.0008899570002540713,0.0021466239995788783,82.00567922000027,1.2813387378125043,0.7804337529880627,0.7866887381640582,0.5819665509998231,81.42371266900045,26.960986,0.246952,27.207938,0.004096,1349.05856,1349.062656,5.224926968984064e-06,1.2212746160145116e-05,4.362119049435435e-07,1.3768577754036393e-06,1.0,1.0,True,0.99,0.025,0.2107954760015076,poly_n16384_scale45,paper_precision_profile,16384,8192,"[55, 45, 45, 45, 45, 45, 55]",335,438,45,SEAL default TC128 parameter validation,True
303,4,0.48381179699936183,3.375104,11.164004,0.3.16,3.12.13,Linux-6.12.90+-x86_64-with-glibc2.35,4,2,client_only,False,True,False,one context per benchmark run; reuse across queries,64,64,0.0078125,20,1,0.4959805469998173,0.08301674899939826,0.06651937399965391,81.35496269299983,0.0010277380006300518,0.0020985889996154583,82.00360568999895,1.2813063389062336,0.7804534869105805,0.7866760414052388,0.5821236229994611,81.42148206699949,26.961506,0.247,27.208506,0.004096,1349.05856,1349.062656,5.222341323918387e-06,1.2199475282415051e-05,4.3597599520678816e-07,1.3821051532691975e-06,1.0,1.0,True,0.99,0.025,0.2107954760015076,poly_n16384_scale45,paper_precision_profile,16384,8192,"[55, 45, 45, 45, 45, 45, 55]",335,438,45,SEAL default TC128 parameter validation,True
303,5,0.48381179699936183,3.375104,11.164004,0.3.16,3.12.13,Linux-6.12.90+-x86_64-with-glibc2.35,4,2,client_only,False,True,False,one context per benchmark run; reuse across queries,64,64,0.0078125,20,1,0.4928839189997234,0.08123793799950363,0.06682271200043033,80.81959365900002,0.0009369839999635587,0.0021152620001885225,81.46359047399983,1.2728686011562473,0.7856270467286418,0.7918871786219751,0.5771741029993791,80.88641637100045,26.960023,0.247004,27.207027,0.004096,1349.05856,1349.062656,5.226685968977036e-06,1.2204263086346145e-05,4.3624767073436065e-07,1.3755988153008047e-06,1.0,1.0,True,0.99,0.025,0.2107954760015076,poly_n16384_scale45,paper_precision_profile,16384,8192,"[55, 45, 45, 45, 45, 45, 55]",335,438,45,SEAL default TC128 parameter validation,True
303,1,0.48381179699936183,3.375104,11.164004,0.3.16,3.12.13,Linux-6.12.90+-x86_64-with-glibc2.35,4,2,client_only,False,True,False,one context per benchmark run; reuse across queries,128,128,0.015625,20,1,0.500304638999296,0.08468392100076017,0.06808280699988245,81.11094921400036,0.0010237989999950514,0.0021127359996171435,81.76715711599991,0.6388059149687493,1.5654206959697932,1.5780853416261862,0.5881250949996684,81.17903202100024,26.959944,0.246988,27.206932,0.004096,1349.05856,1349.062656,5.32341930371133e-06,1.6235001332631782e-05,3.9935255084681957e-07,1.3818380285024467e-06,1.0,1.0,True,0.99,0.025,0.1445930934417099,poly_n16384_scale45,paper_precision_profile,16384,8192,"[55, 45, 45, 45, 45, 45, 55]",335,438,45,SEAL default TC128 parameter validation,True
303,2,0.48381179699936183,3.375104,11.164004,0.3.16,3.12.13,Linux-6.12.90+-x86_64-with-glibc2.35,4,2,client_only,False,True,False,one context per benchmark run; reuse across queries,128,128,0.015625,20,1,0.501117898999837,0.08390819900068891,0.06589162900036172,80.98712869200062,0.0009945000001607696,0.002129605999471096,81.64117052500114,0.6378216447265714,1.5678364136242056,1.5804980626834224,0.5881502040001578,81.05302032100099,26.960819,0.246936,27.207755,0.004096,1349.05856,1349.062656,5.322437567621989e-06,1.625219094592012e-05,3.993702593173573e-07,1.3796395516019189e-06,1.0,1.0,True,0.99,0.025,0.1445930934417099,poly_n16384_scale45,paper_precision_profile,16384,8192,"[55, 45, 45, 45, 45, 45, 55]",335,438,45,SEAL default TC128 parameter validation,True
303,3,0.48381179699936183,3.375104,11.164004,0.3.16,3.12.13,Linux-6.12.90+-x86_64-with-glibc2.35,4,2,client_only,False,True,False,one context per benchmark run; reuse across queries,128,128,0.015625,20,1,0.5035855520000041,0.08957084299981943,0.06920695099961449,81.38431674000003,0.0009016510002766154,0.002182272999561974,82.04976400999931,0.6410137813281196,1.5600288622938732,1.572784599383244,0.5962403189996621,81.45352369099965,26.960634,0.246962,27.207596,0.004096,1349.05856,1349.062656,5.323578643198464e-06,1.621927673056689e-05,3.994186850189362e-07,1.3821496476773554e-06,1.0,1.0,True,0.99,0.025,0.1445930934417099,poly_n16384_scale45,paper_precision_profile,16384,8192,"[55, 45, 45, 45, 45, 45, 55]",335,438,45,SEAL default TC128 parameter validation,True
303,4,0.48381179699936183,3.375104,11.164004,0.3.16,3.12.13,Linux-6.12.90+-x86_64-with-glibc2.35,4,2,client_only,False,True,False,one context per benchmark run; reuse across queries,128,128,0.015625,20,1,0.49158423700009735,0.0859612369995375,0.06830254499982402,81.01500629200018,0.0009698199992271839,0.002324475000023085,81.66414860599889,0.6380011609843663,1.5673952668943563,1.579954206738602,0.5808397689988851,81.083308837,26.960178,0.246903,27.207081,0.004096,1349.05856,1349.062656,5.321487604323209e-06,1.6262586193249717e-05,3.992058309863719e-07,1.3798936768782966e-06,1.0,1.0,True,0.99,0.025,0.1445930934417099,poly_n16384_scale45,paper_precision_profile,16384,8192,"[55, 45, 45, 45, 45, 45, 55]",335,438,45,SEAL default TC128 parameter validation,True
303,5,0.48381179699936183,3.375104,11.164004,0.3.16,3.12.13,Linux-6.12.90+-x86_64-with-glibc2.35,4,2,client_only,False,True,False,one context per benchmark run; reuse across queries,128,128,0.015625,20,1,0.498298622999755,0.08177110499946139,0.06786267400002544,82.29272040599972,0.001023078000798705,0.002132710000296356,82.94380859600005,0.6479985046562504,1.5432134377076672,1.5554231208847957,0.5832255160003115,82.36058307999974,26.961366,0.246967,27.208333,0.004096,1349.05856,1349.062656,5.322474898605345e-06,1.6221432147744963e-05,3.994800775009198e-07,1.384901432033292e-06,1.0,1.0,True,0.99,0.025,0.1445930934417099,poly_n16384_scale45,paper_precision_profile,16384,8192,"[55, 45, 45, 45, 45, 45, 55]",335,438,45,SEAL default TC128 parameter validation,True
303,1,0.48381179699936183,3.375104,11.164004,0.3.16,3.12.13,Linux-6.12.90+-x86_64-with-glibc2.35,4,2,client_only,False,True,False,one context per benchmark run; reuse across queries,256,256,0.03125,20,1,0.4991051469996819,0.08433788399997866,0.07590685800005303,82.35974243599958,0.0010007190003307187,0.0021477289992617443,83.02224077299888,0.3243056280195269,3.0835110883113894,3.1083147230448596,0.586591478999253,82.43564929399963,26.961649,0.246953,27.208602,0.004096,1349.05856,1349.062656,5.26876909302511e-06,1.6459933604551225e-05,3.715041764218646e-07,1.4105330895519685e-06,1.0,1.0,True,0.99,0.025,0.1033989054569675,poly_n16384_scale45,paper_precision_profile,16384,8192,"[55, 45, 45, 45, 45, 45, 55]",335,438,45,SEAL default TC128 parameter validation,True
303,2,0.48381179699936183,3.375104,11.164004,0.3.16,3.12.13,Linux-6.12.90+-x86_64-with-glibc2.35,4,2,client_only,False,True,False,one context per benchmark run; reuse across queries,256,256,0.03125,20,1,0.5177495539992378,0.08599396499994327,0.07019117500021821,81.77312476299994,0.0009021750001920736,0.0023265560002982966,82.45028818799983,0.32207143823437434,3.104901215339346,3.130612909093977,0.6069722499996715,81.84331593800016,26.959904,0.246955,27.206859,0.012288,1349.05856,1349.070848,5.269475936662009e-06,1.6459652492528676e-05,3.716828076465587e-07,1.408748435904883e-06,1.0,1.0,True,0.99,0.025,0.1033989054569675,poly_n16384_scale45,paper_precision_profile,16384,8192,"[55, 45, 45, 45, 45, 45, 55]",335,438,45,SEAL default TC128 parameter validation,True
303,3,0.48381179699936183,3.375104,11.164004,0.3.16,3.12.13,Linux-6.12.90+-x86_64-with-glibc2.35,4,2,client_only,False,True,False,one context per benchmark run; reuse across queries,256,256,0.03125,20,1,0.5012583850002557,0.08338459300011891,0.07275866499912809,82.11882570699981,0.0009212089998982265,0.002138328999535588,82.77928688799875,0.3233565894062451,3.092561069611178,3.117433764985981,0.5877025159998084,82.19158437199894,26.959872,0.246996,27.206868,0.004096,1349.066752,1349.070848,5.2702359720656e-06,1.64700316958033e-05,3.716017700196641e-07,1.4019448448809868e-06,1.0,1.0,True,0.99,0.025,0.1033989054569675,poly_n16384_scale45,paper_precision_profile,16384,8192,"[55, 45, 45, 45, 45, 45, 55]",335,438,45,SEAL default TC128 parameter validation,True
303,4,0.48381179699936183,3.375104,11.164004,0.3.16,3.12.13,Linux-6.12.90+-x86_64-with-glibc2.35,4,2,client_only,False,True,False,one context per benchmark run; reuse across queries,256,256,0.03125,20,1,0.49381381399962265,0.07941928699983691,0.06584695699984877,83.47654532400065,0.0009712169994600117,0.0023824939999030903,84.11897909299933,0.3285897620820286,3.0433084514372717,3.066729690434332,0.5765868119988227,83.5423922810005,26.960447,0.246955,27.207402,0.004096,1349.066752,1349.070848,5.270365737834151e-06,1.646587973880287e-05,3.715286872394204e-07,1.4018090668255212e-06,1.0,1.0,True,0.99,0.025,0.1033989054569675,poly_n16384_scale45,paper_precision_profile,16384,8192,"[55, 45, 45, 45, 45, 45, 55]",335,438,45,SEAL default TC128 parameter validation,True
303,5,0.48381179699936183,3.375104,11.164004,0.3.16,3.12.13,Linux-6.12.90+-x86_64-with-glibc2.35,4,2,client_only,False,True,False,one context per benchmark run; reuse across queries,256,256,0.03125,20,1,0.5090859470001305,0.08647028599989426,0.07469805099935911,83.1373616309993,0.000920683000003919,0.002435104999676696,83.81097170299836,0.32738660821483734,3.0544926851246794,3.079241329984012,0.5989120209997054,83.21205968199865,26.960382,0.246944,27.207326,0.004096,1349.066752,1349.070848,5.268971344292222e-06,1.6467028068234413e-05,3.7156786939310205e-07,1.4068320935978207e-06,1.0,1.0,True,0.99,0.025,0.1033989054569675,poly_n16384_scale45,paper_precision_profile,16384,8192,"[55, 45, 45, 45, 45, 45, 55]",335,438,45,SEAL default TC128 parameter validation,True
303,1,0.48381179699936183,3.375104,11.164004,0.3.16,3.12.13,Linux-6.12.90+-x86_64-with-glibc2.35,4,2,client_only,False,True,False,one context per benchmark run; reuse across queries,512,512,0.0625,20,1,0.5068212350006434,0.08843608200004383,0.07474169099987193,82.93111826699987,0.0010008600002038293,0.0024685620001037023,83.60458669700074,0.16329020839257957,6.124065918244264,6.173798336489285,0.5987267390009947,83.00585995799975,26.960765,0.246991,27.207756,0.004096,1349.066752,1349.070848,5.2706500397722085e-06,1.646112664843713e-05,3.6949476459407935e-07,1.4075276774105916e-06,1.0,1.0,True,0.99,0.025,0.1033989054569675,poly_n16384_scale45,paper_precision_profile,16384,8192,"[55, 45, 45, 45, 45, 45, 55]",335,438,45,SEAL default TC128 parameter validation,True
303,2,0.48381179699936183,3.375104,11.164004,0.3.16,3.12.13,Linux-6.12.90+-x86_64-with-glibc2.35,4,2,client_only,False,True,False,one context per benchmark run; reuse across queries,512,512,0.0625,20,1,0.5073355879994779,0.08964076400025078,0.07221206000031088,82.7660955880001,0.0011149149995617336,0.002533134999794129,83.4389320499995,0.16296666416015526,6.136224271101551,6.1861079269544845,0.6006244019990845,82.83830764800041,26.96029,0.246947,27.207237,0.004096,1349.066752,1349.070848,5.272007915555052e-06,1.6470293886072795e-05,3.6961195876622113e-07,1.4121551651369302e-06,1.0,1.0,True,0.99,0.025,0.1033989054569675,poly_n16384_scale45,paper_precision_profile,16384,8192,"[55, 45, 45, 45, 45, 45, 55]",335,438,45,SEAL default TC128 parameter validation,True
303,3,0.48381179699936183,3.375104,11.164004,0.3.16,3.12.13,Linux-6.12.90+-x86_64-with-glibc2.35,4,2,client_only,False,True,False,one context per benchmark run; reuse across queries,512,512,0.0625,20,1,0.5296907259998989,0.08626833400012401,0.0675400410000293,82.65470852599992,0.0008873969991327613,0.0022640889992544544,83.34135911299836,0.16277609201757492,6.143408332299992,6.194444444008231,0.6191105459984101,82.72224856699995,26.96061,0.246918,27.207528,0.004096,1349.066752,1349.070848,5.271517301001972e-06,1.6475706914320654e-05,3.6954907107009456e-07,1.4118070335022992e-06,1.0,1.0,True,0.99,0.025,0.1033989054569675,poly_n16384_scale45,paper_precision_profile,16384,8192,"[55, 45, 45, 45, 45, 45, 55]",335,438,45,SEAL default TC128 parameter validation,True
303,4,0.48381179699936183,3.375104,11.164004,0.3.16,3.12.13,Linux-6.12.90+-x86_64-with-glibc2.35,4,2,client_only,False,True,False,one context per benchmark run; reuse across queries,512,512,0.0625,20,1,0.5072899549995782,0.09018630999980815,0.07189060499968036,83.16483357799916,0.0009681890005595051,0.002197596999394591,83.83736623399818,0.1637448559257777,6.107062077438819,6.156448320428637,0.6006420509993404,83.23672418299884,26.961315,0.246933,27.208248,0.004096,1349.066752,1349.070848,5.271575092339497e-06,1.647722559283693e-05,3.695157134530025e-07,1.4025232479841776e-06,1.0,1.0,True,0.99,0.025,0.1033989054569675,poly_n16384_scale45,paper_precision_profile,16384,8192,"[55, 45, 45, 45, 45, 45, 55]",335,438,45,SEAL default TC128 parameter validation,True
303,5,0.48381179699936183,3.375104,11.164004,0.3.16,3.12.13,Linux-6.12.90+-x86_64-with-glibc2.35,4,2,client_only,False,True,False,one context per benchmark run; reuse across queries,512,512,0.0625,20,1,0.5023282250003831,0.08628368000063347,0.0701602589997492,82.65844450300028,0.001055433000146877,0.0023579919998155674,83.32063009200101,0.16273560564843947,6.144936727370636,6.194164468960165,0.592025330000979,82.72860476200003,26.96109,0.2469,27.20799,0.004096,1349.066752,1349.070848,5.272338749656729e-06,1.648335071990914e-05,3.6949283586769126e-07,1.4067142942719713e-06,1.0,1.0,True,0.99,0.025,0.1033989054569675,poly_n16384_scale45,paper_precision_profile,16384,8192,"[55, 45, 45, 45, 45, 45, 55]",335,438,45,SEAL default TC128 parameter validation,True
