method,direction,candidate_budget,n_query_seed_runs,time_to_k_or_cap,rounds_to_k_or_cap,candidates_to_k_or_cap,valid_candidates_n,scored_candidates_N,acceptance,wilson_95_low,wilson_95_high
countergan_one_shot,disease_to_no_disease,64,100,0.04565186005987016,1.0,64.0,6211,6400,0.97046875,0.9660306489995766,0.9743424128140098
countergan_one_shot,disease_to_no_disease,128,100,0.04701201471001695,1.0,128.0,12405,12800,0.969140625,0.9660010969430178,0.9719986462298557
countergan_one_shot,disease_to_no_disease,256,100,0.04960558037996634,1.0,256.0,24882,25600,0.971953125,0.9698587073962799,0.9739059241283907
countergan_one_shot,disease_to_no_disease,512,100,0.054418557409944696,1.0,512.0,49670,51200,0.9701171875,0.9686067420380505,0.9715570938865509
countergan_one_shot,no_disease_to_disease,64,100,0.04516679892001776,1.0,64.0,6398,6400,0.9996875,0.9988612099892512,0.9999142970449065
countergan_one_shot,no_disease_to_disease,128,100,0.0462771031300872,1.0,128.0,12794,12800,0.99953125,0.9989776068196423,0.9997851505237969
countergan_one_shot,no_disease_to_disease,256,100,0.0479024131699407,1.0,256.0,25598,25600,0.999921875,0.9997151639257721,0.999978575045651
countergan_one_shot,no_disease_to_disease,512,100,0.051458789509943016,1.0,512.0,51183,51200,0.99966796875,0.9994682881971156,0.9997926762590154
countergan_sparse_diverse_no_dp,disease_to_no_disease,64,100,0.23177993891002188,1.0,64.0,3367,6400,0.52609375,0.5138486746636206,0.5383075197312213
countergan_sparse_diverse_no_dp,disease_to_no_disease,128,100,0.47700911303003524,1.6,102.4,7629,12800,0.596015625,0.5874873538308726,0.6044862821990128
countergan_sparse_diverse_no_dp,disease_to_no_disease,256,100,0.9721417349100284,1.64,104.96,17205,25600,0.6720703125,0.6662941017001741,0.6777948903430452
countergan_sparse_diverse_no_dp,disease_to_no_disease,512,100,1.9928614254098465,1.65,105.6,35325,51200,0.68994140625,0.6859210030610267,0.6939333095424943
countergan_sparse_diverse_no_dp,no_disease_to_disease,64,100,0.24573761268011368,1.0,64.0,5150,6400,0.8046875,0.7947932933646719,0.8142161621439609
countergan_sparse_diverse_no_dp,no_disease_to_disease,128,100,0.49111410578996584,1.14,72.96,10219,12800,0.798359375,0.7913195816319628,0.8052201384641576
countergan_sparse_diverse_no_dp,no_disease_to_disease,256,100,0.994951004319828,1.19,76.16,20855,25600,0.8146484375,0.8098413042007443,0.8193611545752219
countergan_sparse_diverse_no_dp,no_disease_to_disease,512,100,2.0232753298600255,1.13,72.32,41549,51200,0.81150390625,0.80809284652598,0.8148682261437943
dice_gradient_style,disease_to_no_disease,64,100,0.05035570695001297,1.0,64.0,372,6400,0.058125,0.05265326280590325,0.06412687043593587
dice_gradient_style,disease_to_no_disease,128,100,0.058735134980033764,1.0,128.0,971,12800,0.075859375,0.07139867684004701,0.08057457783347012
dice_gradient_style,disease_to_no_disease,256,100,0.07726250462994358,1.0,256.0,1568,25600,0.06125,0.05837795748488538,0.06425369776382331
dice_gradient_style,disease_to_no_disease,512,100,0.11040700701004426,1.0,512.0,1600,51200,0.03125,0.02977770662226837,0.03279262731248723
dice_gradient_style,no_disease_to_disease,64,100,0.05039886246995593,1.0,64.0,394,6400,0.0615625,0.055932706102258,0.06771830304788364
dice_gradient_style,no_disease_to_disease,128,100,0.059741111220018864,1.0,128.0,1336,12800,0.104375,0.0991964728178474,0.10979092111596926
dice_gradient_style,no_disease_to_disease,256,100,0.07633411901002546,1.0,256.0,1600,25600,0.0625,0.05959993764633532,0.06553134251619472
dice_gradient_style,no_disease_to_disease,512,100,0.1093684973499785,1.0,512.0,1600,51200,0.03125,0.02977770662226837,0.03279262731248723
genetic_cfe,disease_to_no_disease,64,100,0.04495756600003006,1.0,64.0,1699,6400,0.26546875,0.2547931959681549,0.2764256795608409
genetic_cfe,disease_to_no_disease,128,100,0.09036947403002159,1.27,81.28,5184,12800,0.405,0.3965256157828352,0.4135313887636739
genetic_cfe,disease_to_no_disease,256,100,0.18762622529995496,1.3,83.2,15138,25600,0.591328125,0.5852930113252365,0.5973358339408353
genetic_cfe,disease_to_no_disease,512,100,0.4118345379699804,1.3,83.2,37786,51200,0.7380078125,0.7341812610679729,0.741798651876655
genetic_cfe,no_disease_to_disease,64,100,0.04503489113996693,1.0,64.0,1427,6400,0.22296875,0.2129390045943696,0.23333085970470419
genetic_cfe,no_disease_to_disease,128,100,0.09024029994004196,1.19,76.16,4575,12800,0.357421875,0.34916352125470285,0.36576578244379954
genetic_cfe,no_disease_to_disease,256,100,0.18425289246006288,1.2,76.8,13907,25600,0.5432421875,0.5371342152321364,0.5493371841303706
genetic_cfe,no_disease_to_disease,512,100,0.40583736789006253,1.26,80.64,35850,51200,0.7001953125,0.6962117717688928,0.7041488147798053
proposed_countergan,disease_to_no_disease,64,100,0.04581145567996828,1.0,64.0,6211,6400,0.97046875,0.9660306489995766,0.9743424128140098
proposed_countergan,disease_to_no_disease,128,100,0.06707987482988756,1.48,94.72,8899,9472,0.9395059121621622,0.9345243867136542,0.9441310906054231
proposed_countergan,disease_to_no_disease,256,100,0.06520190122007989,1.45,92.8,8756,9280,0.9435344827586207,0.9386521647082134,0.9480497502818012
proposed_countergan,disease_to_no_disease,512,100,0.06480872668996199,1.44,92.16,8744,9216,0.9487847222222222,0.9440942926709032,0.9531011783082765
proposed_countergan,no_disease_to_disease,64,100,0.04520983063996027,1.0,64.0,6398,6400,0.9996875,0.9988612099892512,0.9999142970449065
proposed_countergan,no_disease_to_disease,128,100,0.051238400109868965,1.14,72.96,7217,7296,0.989172149122807,0.9865267156697605,0.9913027399788777
proposed_countergan,no_disease_to_disease,256,100,0.05224027822992866,1.16,74.24,7341,7424,0.9888200431034483,0.9861628254249628,0.9909716543882803
proposed_countergan,no_disease_to_disease,512,100,0.050932983540042186,1.13,72.32,7155,7232,0.9893528761061947,0.9867140495062183,0.9914721145053935
proposed_dp_eps16_sparse_diverse,disease_to_no_disease,64,100,0.23248417821997464,1.0,64.0,3914,6400,0.6115625,0.5995580155544242,0.6234331389241214
proposed_dp_eps16_sparse_diverse,disease_to_no_disease,128,100,0.47944908564005345,1.43,91.52,8566,12800,0.66921875,0.6610182945038149,0.6773176661477162
proposed_dp_eps16_sparse_diverse,disease_to_no_disease,256,100,0.979791866079986,1.38,88.32,18569,25600,0.7253515625,0.7198505304515165,0.7307849735433375
proposed_dp_eps16_sparse_diverse,disease_to_no_disease,512,100,2.0083559118399443,1.42,90.88,37283,51200,0.72818359375,0.7243129391015387,0.7320200104251383
proposed_dp_eps16_sparse_diverse,no_disease_to_disease,64,100,0.24482596300005752,1.0,64.0,3473,6400,0.54265625,0.5304291811326711,0.5548321426385374
proposed_dp_eps16_sparse_diverse,no_disease_to_disease,128,100,0.4930772411100042,1.13,72.32,7486,12800,0.58484375,0.5762832541660604,0.5933533355234885
proposed_dp_eps16_sparse_diverse,no_disease_to_disease,256,100,0.9892067608198704,1.12,71.68,15892,25600,0.62078125,0.6148200463827912,0.6267062109151958
proposed_dp_eps16_sparse_diverse,no_disease_to_disease,512,100,2.0190373049799746,1.14,72.96,32287,51200,0.63060546875,0.6264152292521663,0.6347761114552624
proposed_dp_eps2_sparse_diverse,disease_to_no_disease,64,100,0.23739611040003183,1.0,64.0,5481,6400,0.85640625,0.8476009335072198,0.8647839731672374
proposed_dp_eps2_sparse_diverse,disease_to_no_disease,128,100,0.49091019652993056,1.02,65.28,11028,12800,0.8615625,0.8554710142414018,0.8674370309549443
proposed_dp_eps2_sparse_diverse,disease_to_no_disease,256,100,0.9934005777700168,1.04,66.56,22112,25600,0.86375,0.859493053503565,0.8678977964184458
proposed_dp_eps2_sparse_diverse,disease_to_no_disease,512,100,2.02504488139999,1.03,65.92,43351,51200,0.84669921875,0.8435525324736339,0.8497938842898725
proposed_dp_eps2_sparse_diverse,no_disease_to_disease,64,100,0.24718024877995048,1.0,64.0,4542,6400,0.7096875,0.6984438335228415,0.7206795968836125
proposed_dp_eps2_sparse_diverse,no_disease_to_disease,128,100,0.4927180122898426,1.04,66.56,9187,12800,0.717734375,0.7098724708800573,0.7254656280746136
proposed_dp_eps2_sparse_diverse,no_disease_to_disease,256,100,0.9985916278299737,1.04,66.56,18793,25600,0.7341015625,0.7286546528808007,0.7394782255108028
proposed_dp_eps2_sparse_diverse,no_disease_to_disease,512,100,2.050542488799965,1.05,67.2,36574,51200,0.7143359375,0.7104071304664994,0.7182325843418336
proposed_dp_eps4_sparse_diverse,disease_to_no_disease,64,100,0.23749706649000474,1.0,64.0,4504,6400,0.70375,0.692443906546632,0.7148116472909357
proposed_dp_eps4_sparse_diverse,disease_to_no_disease,128,100,0.4816498392899484,1.17,74.88,9430,12800,0.73671875,0.7290189047243794,0.7442765526967374
proposed_dp_eps4_sparse_diverse,disease_to_no_disease,256,100,0.9846353681401251,1.15,73.6,19511,25600,0.7621484375,0.7568937897755591,0.7673244226199109
proposed_dp_eps4_sparse_diverse,disease_to_no_disease,512,100,2.01213136291999,1.16,74.24,38434,51200,0.7506640625,0.7468979649311976,0.7543925489971918
proposed_dp_eps4_sparse_diverse,no_disease_to_disease,64,100,0.24410204666992286,1.0,64.0,4627,6400,0.72296875,0.7118731374869798,0.7337968589288248
proposed_dp_eps4_sparse_diverse,no_disease_to_disease,128,100,0.4938853670498975,1.07,68.48,9344,12800,0.73,0.7222407748528952,0.7376212141397676
proposed_dp_eps4_sparse_diverse,no_disease_to_disease,256,100,0.9987688098400759,1.07,68.48,18810,25600,0.734765625,0.729322932800789,0.740137871326282
proposed_dp_eps4_sparse_diverse,no_disease_to_disease,512,100,2.029264854580142,1.07,68.48,36728,51200,0.71734375,0.7134271841500278,0.7212277043488905
proposed_dp_eps8_sparse_diverse,disease_to_no_disease,64,100,0.2335540903600304,1.0,64.0,4273,6400,0.66765625,0.656018103777066,0.6790932530233251
proposed_dp_eps8_sparse_diverse,disease_to_no_disease,128,100,0.4753112353399411,1.33,85.12,9066,12800,0.70828125,0.7003451004138975,0.7160924208681808
proposed_dp_eps8_sparse_diverse,disease_to_no_disease,256,100,0.9770004872099889,1.32,84.48,19151,25600,0.7480859375,0.7427312084795671,0.7533662236354125
proposed_dp_eps8_sparse_diverse,disease_to_no_disease,512,100,2.008085041250033,1.33,85.12,38218,51200,0.7464453125,0.7426585981234144,0.7501950488103879
proposed_dp_eps8_sparse_diverse,no_disease_to_disease,64,100,0.24460364330001538,1.0,64.0,3796,6400,0.593125,0.5810371849333456,0.6051010896733955
proposed_dp_eps8_sparse_diverse,no_disease_to_disease,128,100,0.49368699494001705,1.14,72.96,8038,12800,0.62796875,0.6195581245811199,0.636302588044553
proposed_dp_eps8_sparse_diverse,no_disease_to_disease,256,100,0.9913013128502461,1.16,74.24,17117,25600,0.6686328125,0.6628418614193684,0.6743731621108421
proposed_dp_eps8_sparse_diverse,no_disease_to_disease,512,100,2.015338963810118,1.18,75.52,34101,51200,0.66603515625,0.6619376459234334,0.67010775371076
uniform_random,disease_to_no_disease,64,100,0.047187622629980976,1.0,64.0,1699,6400,0.26546875,0.2547931959681549,0.2764256795608409
uniform_random,disease_to_no_disease,128,100,0.08884638781996727,1.27,81.28,3792,12800,0.29625,0.2884019891528959,0.3042202705981693
uniform_random,disease_to_no_disease,256,100,0.1794318284500605,1.3,83.2,8755,25600,0.3419921875,0.33620527032104414,0.3478265179162267
uniform_random,disease_to_no_disease,512,100,0.36858830680004756,1.32,84.48,19503,51200,0.38091796875,0.3767207248153406,0.385133080434668
uniform_random,no_disease_to_disease,64,100,0.04452793639000447,1.0,64.0,1427,6400,0.22296875,0.2129390045943696,0.23333085970470419
uniform_random,no_disease_to_disease,128,100,0.08816790956992918,1.19,76.16,3363,12800,0.262734375,0.25518183362014923,0.27042928710990644
uniform_random,no_disease_to_disease,256,100,0.17823241203993348,1.21,77.44,7509,25600,0.2933203125,0.28777452743185655,0.2989281157234958
uniform_random,no_disease_to_disease,512,100,0.36196069855996027,1.26,80.64,16605,51200,0.32431640625,0.32027491890649934,0.328384254166131
wachter_style,disease_to_no_disease,64,100,0.0488326015700386,1.0,64.0,372,6400,0.058125,0.05265326280590325,0.06412687043593587
wachter_style,disease_to_no_disease,128,100,0.05638753828998233,1.0,128.0,971,12800,0.075859375,0.07139867684004701,0.08057457783347012
wachter_style,disease_to_no_disease,256,100,0.07158725040001628,1.0,256.0,1568,25600,0.06125,0.05837795748488538,0.06425369776382331
wachter_style,disease_to_no_disease,512,100,0.10112936934000573,1.0,512.0,1600,51200,0.03125,0.02977770662226837,0.03279262731248723
wachter_style,no_disease_to_disease,64,100,0.04846842423001362,1.0,64.0,394,6400,0.0615625,0.055932706102258,0.06771830304788364
wachter_style,no_disease_to_disease,128,100,0.056363540409993224,1.0,128.0,1336,12800,0.104375,0.0991964728178474,0.10979092111596926
wachter_style,no_disease_to_disease,256,100,0.07157310777997736,1.0,256.0,1600,25600,0.0625,0.05959993764633532,0.06553134251619472
wachter_style,no_disease_to_disease,512,100,0.10077152727998509,1.0,512.0,1600,51200,0.03125,0.02977770662226837,0.03279262731248723
