dataset,variant,attack_seed,exact_match_rate,near_duplicate_rate_0_001,near_duplicate_rate_0_01,dcr_mean,dcr_median,dcr_p01,dcr_p05,nndr_mean,nndr_median,train_to_holdout_dcr_ratio_median
ecg,countergan,101,0.0,0.0,0.0,0.07817543866815972,0.07793050059033312,0.04602349838581552,0.05109950689840819,0.9467968019231675,0.9672464113889321,0.5793515683250179
ecg,dp_eps16,101,0.0,0.0,0.0,0.07664154022139258,0.07543526171640695,0.04392558682917999,0.05006985430116054,0.9578886562924321,0.9741430991323194,0.4811730415298492
ecg,dp_eps8,101,0.0,0.0,0.0,0.07737043033046989,0.07728987009811979,0.0368035170594576,0.045627647144940116,0.9561613066755912,0.9709139815801648,0.4578809476257385
ecg,dp_eps4,101,0.0,0.0,0.0,0.08383364043410296,0.08151521380673518,0.04806244558770402,0.055086417951151,0.9519056314135386,0.9654838460398099,0.48745485218817725
ecg,dp_eps2,101,0.0,0.0,0.0,0.08374436117164016,0.08304811083394861,0.04867163375303243,0.05534577590611,0.9544130858868874,0.972031559976301,0.5186952330086214
ecg,countergan,202,0.0,0.0,0.0,0.07762567349084736,0.07625568697919766,0.0440217909258828,0.05071735021470516,0.9462799199578225,0.9629175020025424,0.5714086693167729
ecg,dp_eps16,202,0.0,0.0,0.0,0.07764097875393285,0.0767522950628966,0.04265616291136317,0.050088421709783656,0.9571978486083651,0.9739087708807026,0.4939875371065319
ecg,dp_eps8,202,0.0,0.0,0.0,0.07753968737152693,0.0771282380646517,0.03992506155380742,0.045628760033253175,0.9568517958502685,0.9710628939986836,0.4509131942782679
ecg,dp_eps4,202,0.0,0.0,0.0,0.0839430881649593,0.08186610682544357,0.046523253710999794,0.05588796959443244,0.9561443470087472,0.9697450177869168,0.5010155283242025
ecg,dp_eps2,202,0.0,0.0,0.0,0.08432743542269856,0.08391346479737805,0.04705380428848696,0.05441286912227754,0.9555175076182224,0.9738417577466272,0.5145686723543066
ecg,countergan,303,0.0,0.0,0.0,0.07870827556139803,0.0778587459501481,0.04454984580134791,0.05061578482853418,0.9469023249670021,0.9641821004480823,0.5723772529120534
ecg,dp_eps16,303,0.0,0.0,0.0,0.07743368008491043,0.07583287605225833,0.04315666820331841,0.05006876656945455,0.9600697665016016,0.975121896515948,0.47344257271757734
ecg,dp_eps8,303,0.0,0.0,0.0,0.07749081649727926,0.0765562101397367,0.03761578531739369,0.046298971529987826,0.9591395057447676,0.97402567026767,0.4375177626059095
ecg,dp_eps4,303,0.0,0.0,0.0,0.0850623461542575,0.08263907773088508,0.048431821981971886,0.05604182973571426,0.9535806707821252,0.9686669987468581,0.4858485946100308
ecg,dp_eps2,303,0.0,0.0,0.0,0.08518830063441729,0.08350695401902405,0.04677999084730154,0.0550425220042028,0.9547661624491262,0.9717007074931644,0.515671094886772
ecg,countergan,404,0.0,0.0,0.0,0.07843635777551389,0.07723468883059695,0.045240688281526185,0.05101878301150007,0.9457116621539943,0.9646398015883643,0.5660489919945082
ecg,dp_eps16,404,0.0,0.0,0.0,0.07678436270639742,0.07432578870430531,0.044161579294166135,0.05082651822741479,0.9577831555108968,0.9755345836331171,0.4723520682121316
ecg,dp_eps8,404,0.0,0.0,0.0,0.07696691555741067,0.07573206636389994,0.03810587154237799,0.0441032022379043,0.9541623734653695,0.9695160574175035,0.44600706343535035
ecg,dp_eps4,404,0.0,0.0,0.0,0.08394692461417852,0.08195307204990743,0.047449744193907316,0.05642716098331033,0.9538828917100248,0.9684951836208249,0.5076801085229712
ecg,dp_eps2,404,0.0,0.0,0.0,0.08448602961093608,0.08322675939620358,0.046890505688110054,0.05585697049031221,0.9572791659239976,0.9734034068706809,0.5152008653383569
ecg,countergan,505,0.0,0.0,0.0,0.07847162420655455,0.07753769099983335,0.043928782551278966,0.050709301766441076,0.9411508587545611,0.9648632705747486,0.5685438521651269
ecg,dp_eps16,505,0.0,0.0,0.0,0.07797155488359794,0.07731586303743176,0.04408384341241855,0.04968892612620308,0.957749466748747,0.9747232863757398,0.4847887421262012
ecg,dp_eps8,505,0.0,0.0,0.0,0.07828043883083692,0.07730165538543507,0.03836621486997418,0.045448713696605025,0.9535612513041953,0.9707685773443098,0.4472122199649169
ecg,dp_eps4,505,0.0,0.0,0.0,0.08517174524123214,0.08240114287595252,0.046071465504788967,0.0573147150693848,0.9532646989885949,0.9709739655302296,0.5036640352532529
ecg,dp_eps2,505,0.0,0.0,0.0,0.08577067008397742,0.08415285906872115,0.04623536633101529,0.05476534600763147,0.9554252423366085,0.9743193223411222,0.5253314907158813
ecg,countergan,606,0.0,0.0,0.0,0.07767044447788572,0.07668833730490489,0.04466918797895961,0.05143337255932667,0.9471675267572248,0.9665785087916204,0.5351872746389954
ecg,dp_eps16,606,0.0,0.0,0.0,0.07637128728310474,0.07451672568601707,0.04243919910388991,0.049318167384706346,0.955789832704088,0.9731777788716593,0.45277043018459706
ecg,dp_eps8,606,0.0,0.0,0.0,0.07661009711481943,0.0755202610603178,0.03860112153581489,0.045537174489689594,0.9563212083038077,0.9719864702112099,0.4244138420615329
ecg,dp_eps4,606,0.0,0.0,0.0,0.08426515083897351,0.08255698055979063,0.04838862322289981,0.0559994010353788,0.9535291624147886,0.9676653952141722,0.47399287485326824
ecg,dp_eps2,606,0.0,0.0,0.0,0.08420227539152227,0.08293916106730037,0.046193985311734555,0.05492655787578137,0.9553920519798921,0.9727397024740685,0.49142239187654246
ecg,countergan,707,0.0,0.0,0.0,0.07806713713229783,0.07685814940067409,0.04498277748121428,0.0504799123277124,0.943485462995893,0.9657284304414206,0.5724292407277582
ecg,dp_eps16,707,0.0,0.0,0.0,0.07700174372703605,0.07621714239235483,0.043257757579835486,0.04882142368856926,0.9583629005854751,0.9745607941704616,0.48362987589793127
ecg,dp_eps8,707,0.0,0.0,0.0,0.0771000264425436,0.07587385633178634,0.03760525509487148,0.045380733713681835,0.9525437432644869,0.9684785653802481,0.4462166914518216
ecg,dp_eps4,707,0.0,0.0,0.0,0.08476410530440451,0.08249587832660218,0.04730367323789665,0.05598791662774817,0.9514860506401297,0.9677526104861504,0.4907595556725465
ecg,dp_eps2,707,0.0,0.0,0.0,0.08444461659445035,0.0824125882991722,0.047572478148553136,0.054419074640823184,0.9540454431187063,0.9726050707649995,0.5108432591849394
ecg,countergan,808,0.0,0.0,0.0,0.07811700516780203,0.07734769031038498,0.04479119645704135,0.050532254064036455,0.9458609616985134,0.9678372188242217,0.5920363256699355
ecg,dp_eps16,808,0.0,0.0,0.0,0.07681947323644622,0.07502035762769185,0.04386612867189404,0.04904582728769538,0.9604338672926017,0.9766946051696697,0.49007191763968
ecg,dp_eps8,808,0.0,0.0,0.0,0.07739820670329155,0.07616258087700634,0.03921781143469358,0.045335987440094434,0.9590551213302205,0.9720175381667884,0.45410494979121413
ecg,dp_eps4,808,0.0,0.0,0.0,0.08358523077781979,0.08121779940307067,0.04908672753256088,0.05650745354269712,0.9518200804010631,0.9685475835952333,0.5138198071368042
ecg,dp_eps2,808,0.0,0.0,0.0,0.08416671810012379,0.08272887515614565,0.04753293169566847,0.05479659634462239,0.9590683935047907,0.9757088638004794,0.5251393849889885
ecg,countergan,909,0.0,0.0,0.0,0.07839281352459662,0.07710215516131441,0.04654085423959093,0.05274541456841223,0.9457026053082479,0.9667105000799326,0.5660881381043021
ecg,dp_eps16,909,0.0,0.0,0.0,0.07745812749557965,0.07626608948612396,0.04559589654132847,0.051528146494587174,0.9592509389283018,0.9752753313749079,0.46646664794505477
ecg,dp_eps8,909,0.0,0.0,0.0,0.07807804322784978,0.0781604819590283,0.03819753395520319,0.04669806810645617,0.9576402953196413,0.9728170274115755,0.43311663245820187
ecg,dp_eps4,909,0.0,0.0,0.0,0.08474817042308994,0.0830526190312168,0.048134065048611015,0.05763390976357625,0.954806278600213,0.9683056435856476,0.47888579995875574
ecg,dp_eps2,909,0.0,0.0,0.0,0.08468262051509834,0.08392454036849369,0.04834591133580469,0.05604843409477211,0.9563647527012561,0.9735351024512413,0.49109195618091817
ecg,countergan,1010,0.0,0.0,0.0,0.07915333123647096,0.07839342547655677,0.043902653266488637,0.05006190997792575,0.945012503862035,0.9664651535674356,0.5843643563536491
ecg,dp_eps16,1010,0.0,0.0,0.0,0.07803409692770341,0.07681918498171314,0.04287456670968152,0.05040835444218273,0.9575506360608778,0.9751270205248161,0.4919467446001479
ecg,dp_eps8,1010,0.0,0.0,0.0,0.07857340902164725,0.07779356867981332,0.03947775928709851,0.04563850480319444,0.9552627240101768,0.9705468094299408,0.4551878889143668
ecg,dp_eps4,1010,0.0,0.0,0.0,0.08481285443400194,0.08238778821619577,0.04825050078844511,0.05520307563556753,0.9531645310620793,0.9705743365999004,0.4942783743361378
ecg,dp_eps2,1010,0.0,0.0,0.0,0.0857884424471889,0.0848262997741642,0.04822176584560179,0.054872099152661793,0.9558754499437332,0.9749721270428611,0.5319312645733153
