file,expected_sha256,actual_sha256,checksum_match
preprocessor_and_split.joblib,11c592d1da67aed0ded91cd680f79d9d2c3222259264faed09567c65c559c250,11c592d1da67aed0ded91cd680f79d9d2c3222259264faed09567c65c559c250,True
plaintext_cfe_pipeline.py,8ec46bda01c6aee128e12574f160212d66a0b61cb880463547a1ae25eef9fca6,8ec46bda01c6aee128e12574f160212d66a0b61cb880463547a1ae25eef9fca6,True
privacy_accounting.csv,94896cc132bc669bdd9a6b0a8423fc905e507faa7abcdef09585ddc2358d7e28,94896cc132bc669bdd9a6b0a8423fc905e507faa7abcdef09585ddc2358d7e28,True
dp_multi_checkpoint_release_composition.csv,46e7fe7c90c65e6d4966a374d2eb95316363df92605cf0e3f64bd23ce29ae7c2,46e7fe7c90c65e6d4966a374d2eb95316363df92605cf0e3f64bd23ce29ae7c2,True
classifier_metrics_by_seed.csv,ba2917b668cb1b23d3567309963001571edd8ff5e5a1b067d36e71458c13bcf4,ba2917b668cb1b23d3567309963001571edd8ff5e5a1b067d36e71458c13bcf4,True
dataset_accounting.csv,0b7bba18a22d3a5f71e0e10c38a2509ab15f6c43c3b669efc559dc28ea3f6685,0b7bba18a22d3a5f71e0e10c38a2509ab15f6c43c3b669efc559dc28ea3f6685,True
feature_encoding_contract.csv,97dbb78f7f58b8cfe748178eeeca89f745f3af2e343eb64563ae8bc13a83cf1a,97dbb78f7f58b8cfe748178eeeca89f745f3af2e343eb64563ae8bc13a83cf1a,True
feature_constraint_table.csv,2c89ce65bac797dcd3c3bf04503b049f9d7a62c76ee9f343c8174bbb56fa8bb7,2c89ce65bac797dcd3c3bf04503b049f9d7a62c76ee9f343c8174bbb56fa8bb7,True
classifier_seed55.pt,8908f7af123cafc3fe7d3f740acf5b02fbf27c25eb243ab37c0e9d5ea8c02e1a,8908f7af123cafc3fe7d3f740acf5b02fbf27c25eb243ab37c0e9d5ea8c02e1a,True
generator_seed11_countergan.pt,af50b246d1f43b33ba44b55845820f0a96fd1429c7a15a0e5a706530ce0763a6,af50b246d1f43b33ba44b55845820f0a96fd1429c7a15a0e5a706530ce0763a6,True
generator_seed11_dp_eps16.pt,9f8e9e53fc2e9dc1d8c25b2d8c436eafdf401ee4fbbbd071ed63cdc06f7c1a40,9f8e9e53fc2e9dc1d8c25b2d8c436eafdf401ee4fbbbd071ed63cdc06f7c1a40,True
generator_seed11_dp_eps8.pt,f4663fc842299d07b354d52c0dedb0c4151aa082289e2a9685c5b603647461f0,f4663fc842299d07b354d52c0dedb0c4151aa082289e2a9685c5b603647461f0,True
generator_seed11_dp_eps4.pt,6b9856768317d81e3809d6f8c7f98a7d6ef6ad431faa2d3c0e37dbae9a0cebbd,6b9856768317d81e3809d6f8c7f98a7d6ef6ad431faa2d3c0e37dbae9a0cebbd,True
generator_seed11_dp_eps2.pt,80dd2a66e5b51560b980a9f29a8f17c53c8ccad0cbf06e7a8a4387f34193509e,80dd2a66e5b51560b980a9f29a8f17c53c8ccad0cbf06e7a8a4387f34193509e,True
