method,candidate_budget,direction,outcome,size
countergan_one_shot,128,disease_to_no_disease,no_valid_cfe,17
countergan_one_shot,128,disease_to_no_disease,partial_lt_k,83
countergan_one_shot,128,no_disease_to_disease,no_valid_cfe,30
countergan_one_shot,128,no_disease_to_disease,partial_lt_k,70
countergan_one_shot,256,disease_to_no_disease,no_valid_cfe,17
countergan_one_shot,256,disease_to_no_disease,partial_lt_k,83
countergan_one_shot,256,no_disease_to_disease,no_valid_cfe,30
countergan_one_shot,256,no_disease_to_disease,partial_lt_k,70
countergan_one_shot,512,disease_to_no_disease,no_valid_cfe,16
countergan_one_shot,512,disease_to_no_disease,partial_lt_k,84
countergan_one_shot,512,no_disease_to_disease,full_k,1
countergan_one_shot,512,no_disease_to_disease,no_valid_cfe,30
countergan_one_shot,512,no_disease_to_disease,partial_lt_k,69
countergan_one_shot,1024,disease_to_no_disease,no_valid_cfe,16
countergan_one_shot,1024,disease_to_no_disease,partial_lt_k,84
countergan_one_shot,1024,no_disease_to_disease,full_k,1
countergan_one_shot,1024,no_disease_to_disease,no_valid_cfe,30
countergan_one_shot,1024,no_disease_to_disease,partial_lt_k,69
countergan_sparse_diverse_no_dp,128,disease_to_no_disease,full_k,5
countergan_sparse_diverse_no_dp,128,disease_to_no_disease,no_valid_cfe,17
countergan_sparse_diverse_no_dp,128,disease_to_no_disease,partial_lt_k,78
countergan_sparse_diverse_no_dp,128,no_disease_to_disease,full_k,21
countergan_sparse_diverse_no_dp,128,no_disease_to_disease,no_valid_cfe,30
countergan_sparse_diverse_no_dp,128,no_disease_to_disease,partial_lt_k,49
countergan_sparse_diverse_no_dp,256,disease_to_no_disease,full_k,73
countergan_sparse_diverse_no_dp,256,disease_to_no_disease,no_valid_cfe,8
countergan_sparse_diverse_no_dp,256,disease_to_no_disease,partial_lt_k,19
countergan_sparse_diverse_no_dp,256,no_disease_to_disease,full_k,43
countergan_sparse_diverse_no_dp,256,no_disease_to_disease,no_valid_cfe,29
countergan_sparse_diverse_no_dp,256,no_disease_to_disease,partial_lt_k,28
countergan_sparse_diverse_no_dp,512,disease_to_no_disease,full_k,85
countergan_sparse_diverse_no_dp,512,disease_to_no_disease,no_valid_cfe,7
countergan_sparse_diverse_no_dp,512,disease_to_no_disease,partial_lt_k,8
countergan_sparse_diverse_no_dp,512,no_disease_to_disease,full_k,58
countergan_sparse_diverse_no_dp,512,no_disease_to_disease,no_valid_cfe,27
countergan_sparse_diverse_no_dp,512,no_disease_to_disease,partial_lt_k,15
countergan_sparse_diverse_no_dp,1024,disease_to_no_disease,full_k,89
countergan_sparse_diverse_no_dp,1024,disease_to_no_disease,no_valid_cfe,6
countergan_sparse_diverse_no_dp,1024,disease_to_no_disease,partial_lt_k,5
countergan_sparse_diverse_no_dp,1024,no_disease_to_disease,full_k,61
countergan_sparse_diverse_no_dp,1024,no_disease_to_disease,no_valid_cfe,24
countergan_sparse_diverse_no_dp,1024,no_disease_to_disease,partial_lt_k,15
dice_gradient_style,128,disease_to_no_disease,no_valid_cfe,94
dice_gradient_style,128,disease_to_no_disease,partial_lt_k,6
dice_gradient_style,128,no_disease_to_disease,no_valid_cfe,97
dice_gradient_style,128,no_disease_to_disease,partial_lt_k,3
dice_gradient_style,256,disease_to_no_disease,no_valid_cfe,75
dice_gradient_style,256,disease_to_no_disease,partial_lt_k,25
dice_gradient_style,256,no_disease_to_disease,no_valid_cfe,90
dice_gradient_style,256,no_disease_to_disease,partial_lt_k,10
dice_gradient_style,512,disease_to_no_disease,full_k,3
dice_gradient_style,512,disease_to_no_disease,no_valid_cfe,21
dice_gradient_style,512,disease_to_no_disease,partial_lt_k,76
dice_gradient_style,512,no_disease_to_disease,no_valid_cfe,69
dice_gradient_style,512,no_disease_to_disease,partial_lt_k,31
dice_gradient_style,1024,disease_to_no_disease,full_k,3
dice_gradient_style,1024,disease_to_no_disease,no_valid_cfe,17
dice_gradient_style,1024,disease_to_no_disease,partial_lt_k,80
dice_gradient_style,1024,no_disease_to_disease,no_valid_cfe,39
dice_gradient_style,1024,no_disease_to_disease,partial_lt_k,61
genetic_cfe,128,disease_to_no_disease,no_valid_cfe,70
genetic_cfe,128,disease_to_no_disease,partial_lt_k,30
genetic_cfe,128,no_disease_to_disease,no_valid_cfe,87
genetic_cfe,128,no_disease_to_disease,partial_lt_k,13
genetic_cfe,256,disease_to_no_disease,full_k,1
genetic_cfe,256,disease_to_no_disease,no_valid_cfe,58
genetic_cfe,256,disease_to_no_disease,partial_lt_k,41
genetic_cfe,256,no_disease_to_disease,no_valid_cfe,86
genetic_cfe,256,no_disease_to_disease,partial_lt_k,14
genetic_cfe,512,disease_to_no_disease,full_k,3
genetic_cfe,512,disease_to_no_disease,no_valid_cfe,33
genetic_cfe,512,disease_to_no_disease,partial_lt_k,64
genetic_cfe,512,no_disease_to_disease,full_k,5
genetic_cfe,512,no_disease_to_disease,no_valid_cfe,76
genetic_cfe,512,no_disease_to_disease,partial_lt_k,19
genetic_cfe,1024,disease_to_no_disease,full_k,30
genetic_cfe,1024,disease_to_no_disease,no_valid_cfe,27
genetic_cfe,1024,disease_to_no_disease,partial_lt_k,43
genetic_cfe,1024,no_disease_to_disease,full_k,12
genetic_cfe,1024,no_disease_to_disease,no_valid_cfe,52
genetic_cfe,1024,no_disease_to_disease,partial_lt_k,36
proposed_countergan,128,disease_to_no_disease,no_valid_cfe,17
proposed_countergan,128,disease_to_no_disease,partial_lt_k,83
proposed_countergan,128,no_disease_to_disease,no_valid_cfe,30
proposed_countergan,128,no_disease_to_disease,partial_lt_k,70
proposed_countergan,256,disease_to_no_disease,full_k,3
proposed_countergan,256,disease_to_no_disease,no_valid_cfe,9
proposed_countergan,256,disease_to_no_disease,partial_lt_k,88
proposed_countergan,256,no_disease_to_disease,full_k,8
proposed_countergan,256,no_disease_to_disease,no_valid_cfe,28
proposed_countergan,256,no_disease_to_disease,partial_lt_k,64
proposed_countergan,512,disease_to_no_disease,full_k,60
proposed_countergan,512,disease_to_no_disease,no_valid_cfe,6
proposed_countergan,512,disease_to_no_disease,partial_lt_k,34
proposed_countergan,512,no_disease_to_disease,full_k,41
proposed_countergan,512,no_disease_to_disease,no_valid_cfe,26
proposed_countergan,512,no_disease_to_disease,partial_lt_k,33
proposed_countergan,1024,disease_to_no_disease,full_k,84
proposed_countergan,1024,disease_to_no_disease,no_valid_cfe,4
proposed_countergan,1024,disease_to_no_disease,partial_lt_k,12
proposed_countergan,1024,no_disease_to_disease,full_k,51
proposed_countergan,1024,no_disease_to_disease,no_valid_cfe,23
proposed_countergan,1024,no_disease_to_disease,partial_lt_k,26
proposed_dp_eps16_sparse_diverse,128,disease_to_no_disease,full_k,23
proposed_dp_eps16_sparse_diverse,128,disease_to_no_disease,no_valid_cfe,13
proposed_dp_eps16_sparse_diverse,128,disease_to_no_disease,partial_lt_k,64
proposed_dp_eps16_sparse_diverse,128,no_disease_to_disease,full_k,2
proposed_dp_eps16_sparse_diverse,128,no_disease_to_disease,no_valid_cfe,75
proposed_dp_eps16_sparse_diverse,128,no_disease_to_disease,partial_lt_k,23
proposed_dp_eps16_sparse_diverse,256,disease_to_no_disease,full_k,73
proposed_dp_eps16_sparse_diverse,256,disease_to_no_disease,no_valid_cfe,9
proposed_dp_eps16_sparse_diverse,256,disease_to_no_disease,partial_lt_k,18
proposed_dp_eps16_sparse_diverse,256,no_disease_to_disease,full_k,18
proposed_dp_eps16_sparse_diverse,256,no_disease_to_disease,no_valid_cfe,64
proposed_dp_eps16_sparse_diverse,256,no_disease_to_disease,partial_lt_k,18
proposed_dp_eps16_sparse_diverse,512,disease_to_no_disease,full_k,84
proposed_dp_eps16_sparse_diverse,512,disease_to_no_disease,no_valid_cfe,7
proposed_dp_eps16_sparse_diverse,512,disease_to_no_disease,partial_lt_k,9
proposed_dp_eps16_sparse_diverse,512,no_disease_to_disease,full_k,35
proposed_dp_eps16_sparse_diverse,512,no_disease_to_disease,no_valid_cfe,49
proposed_dp_eps16_sparse_diverse,512,no_disease_to_disease,partial_lt_k,16
proposed_dp_eps16_sparse_diverse,1024,disease_to_no_disease,full_k,90
proposed_dp_eps16_sparse_diverse,1024,disease_to_no_disease,no_valid_cfe,7
proposed_dp_eps16_sparse_diverse,1024,disease_to_no_disease,partial_lt_k,3
proposed_dp_eps16_sparse_diverse,1024,no_disease_to_disease,full_k,47
proposed_dp_eps16_sparse_diverse,1024,no_disease_to_disease,no_valid_cfe,32
proposed_dp_eps16_sparse_diverse,1024,no_disease_to_disease,partial_lt_k,21
proposed_dp_eps2_sparse_diverse,128,disease_to_no_disease,full_k,43
proposed_dp_eps2_sparse_diverse,128,disease_to_no_disease,no_valid_cfe,13
proposed_dp_eps2_sparse_diverse,128,disease_to_no_disease,partial_lt_k,44
proposed_dp_eps2_sparse_diverse,128,no_disease_to_disease,full_k,7
proposed_dp_eps2_sparse_diverse,128,no_disease_to_disease,no_valid_cfe,57
proposed_dp_eps2_sparse_diverse,128,no_disease_to_disease,partial_lt_k,36
proposed_dp_eps2_sparse_diverse,256,disease_to_no_disease,full_k,77
proposed_dp_eps2_sparse_diverse,256,disease_to_no_disease,no_valid_cfe,11
proposed_dp_eps2_sparse_diverse,256,disease_to_no_disease,partial_lt_k,12
proposed_dp_eps2_sparse_diverse,256,no_disease_to_disease,full_k,25
proposed_dp_eps2_sparse_diverse,256,no_disease_to_disease,no_valid_cfe,41
proposed_dp_eps2_sparse_diverse,256,no_disease_to_disease,partial_lt_k,34
proposed_dp_eps2_sparse_diverse,512,disease_to_no_disease,full_k,85
proposed_dp_eps2_sparse_diverse,512,disease_to_no_disease,no_valid_cfe,9
proposed_dp_eps2_sparse_diverse,512,disease_to_no_disease,partial_lt_k,6
proposed_dp_eps2_sparse_diverse,512,no_disease_to_disease,full_k,42
proposed_dp_eps2_sparse_diverse,512,no_disease_to_disease,no_valid_cfe,35
proposed_dp_eps2_sparse_diverse,512,no_disease_to_disease,partial_lt_k,23
proposed_dp_eps2_sparse_diverse,1024,disease_to_no_disease,full_k,88
proposed_dp_eps2_sparse_diverse,1024,disease_to_no_disease,no_valid_cfe,6
proposed_dp_eps2_sparse_diverse,1024,disease_to_no_disease,partial_lt_k,6
proposed_dp_eps2_sparse_diverse,1024,no_disease_to_disease,full_k,53
proposed_dp_eps2_sparse_diverse,1024,no_disease_to_disease,no_valid_cfe,30
proposed_dp_eps2_sparse_diverse,1024,no_disease_to_disease,partial_lt_k,17
proposed_dp_eps4_sparse_diverse,128,disease_to_no_disease,full_k,33
proposed_dp_eps4_sparse_diverse,128,disease_to_no_disease,no_valid_cfe,13
proposed_dp_eps4_sparse_diverse,128,disease_to_no_disease,partial_lt_k,54
proposed_dp_eps4_sparse_diverse,128,no_disease_to_disease,full_k,4
proposed_dp_eps4_sparse_diverse,128,no_disease_to_disease,no_valid_cfe,68
proposed_dp_eps4_sparse_diverse,128,no_disease_to_disease,partial_lt_k,28
proposed_dp_eps4_sparse_diverse,256,disease_to_no_disease,full_k,76
proposed_dp_eps4_sparse_diverse,256,disease_to_no_disease,no_valid_cfe,9
proposed_dp_eps4_sparse_diverse,256,disease_to_no_disease,partial_lt_k,15
proposed_dp_eps4_sparse_diverse,256,no_disease_to_disease,full_k,15
proposed_dp_eps4_sparse_diverse,256,no_disease_to_disease,no_valid_cfe,60
proposed_dp_eps4_sparse_diverse,256,no_disease_to_disease,partial_lt_k,25
proposed_dp_eps4_sparse_diverse,512,disease_to_no_disease,full_k,84
proposed_dp_eps4_sparse_diverse,512,disease_to_no_disease,no_valid_cfe,9
proposed_dp_eps4_sparse_diverse,512,disease_to_no_disease,partial_lt_k,7
proposed_dp_eps4_sparse_diverse,512,no_disease_to_disease,full_k,34
proposed_dp_eps4_sparse_diverse,512,no_disease_to_disease,no_valid_cfe,50
proposed_dp_eps4_sparse_diverse,512,no_disease_to_disease,partial_lt_k,16
proposed_dp_eps4_sparse_diverse,1024,disease_to_no_disease,full_k,88
proposed_dp_eps4_sparse_diverse,1024,disease_to_no_disease,no_valid_cfe,6
proposed_dp_eps4_sparse_diverse,1024,disease_to_no_disease,partial_lt_k,6
proposed_dp_eps4_sparse_diverse,1024,no_disease_to_disease,full_k,47
proposed_dp_eps4_sparse_diverse,1024,no_disease_to_disease,no_valid_cfe,30
proposed_dp_eps4_sparse_diverse,1024,no_disease_to_disease,partial_lt_k,23
proposed_dp_eps8_sparse_diverse,128,disease_to_no_disease,full_k,30
proposed_dp_eps8_sparse_diverse,128,disease_to_no_disease,no_valid_cfe,15
proposed_dp_eps8_sparse_diverse,128,disease_to_no_disease,partial_lt_k,55
proposed_dp_eps8_sparse_diverse,128,no_disease_to_disease,full_k,3
proposed_dp_eps8_sparse_diverse,128,no_disease_to_disease,no_valid_cfe,67
proposed_dp_eps8_sparse_diverse,128,no_disease_to_disease,partial_lt_k,30
proposed_dp_eps8_sparse_diverse,256,disease_to_no_disease,full_k,76
proposed_dp_eps8_sparse_diverse,256,disease_to_no_disease,no_valid_cfe,9
proposed_dp_eps8_sparse_diverse,256,disease_to_no_disease,partial_lt_k,15
proposed_dp_eps8_sparse_diverse,256,no_disease_to_disease,full_k,22
proposed_dp_eps8_sparse_diverse,256,no_disease_to_disease,no_valid_cfe,52
proposed_dp_eps8_sparse_diverse,256,no_disease_to_disease,partial_lt_k,26
proposed_dp_eps8_sparse_diverse,512,disease_to_no_disease,full_k,84
proposed_dp_eps8_sparse_diverse,512,disease_to_no_disease,no_valid_cfe,8
proposed_dp_eps8_sparse_diverse,512,disease_to_no_disease,partial_lt_k,8
proposed_dp_eps8_sparse_diverse,512,no_disease_to_disease,full_k,40
proposed_dp_eps8_sparse_diverse,512,no_disease_to_disease,no_valid_cfe,39
proposed_dp_eps8_sparse_diverse,512,no_disease_to_disease,partial_lt_k,21
proposed_dp_eps8_sparse_diverse,1024,disease_to_no_disease,full_k,89
proposed_dp_eps8_sparse_diverse,1024,disease_to_no_disease,no_valid_cfe,7
proposed_dp_eps8_sparse_diverse,1024,disease_to_no_disease,partial_lt_k,4
proposed_dp_eps8_sparse_diverse,1024,no_disease_to_disease,full_k,49
proposed_dp_eps8_sparse_diverse,1024,no_disease_to_disease,no_valid_cfe,32
proposed_dp_eps8_sparse_diverse,1024,no_disease_to_disease,partial_lt_k,19
uniform_random,128,disease_to_no_disease,no_valid_cfe,70
uniform_random,128,disease_to_no_disease,partial_lt_k,30
uniform_random,128,no_disease_to_disease,no_valid_cfe,87
uniform_random,128,no_disease_to_disease,partial_lt_k,13
uniform_random,256,disease_to_no_disease,full_k,4
uniform_random,256,disease_to_no_disease,no_valid_cfe,56
uniform_random,256,disease_to_no_disease,partial_lt_k,40
uniform_random,256,no_disease_to_disease,full_k,1
uniform_random,256,no_disease_to_disease,no_valid_cfe,84
uniform_random,256,no_disease_to_disease,partial_lt_k,15
uniform_random,512,disease_to_no_disease,full_k,30
uniform_random,512,disease_to_no_disease,no_valid_cfe,34
uniform_random,512,disease_to_no_disease,partial_lt_k,36
uniform_random,512,no_disease_to_disease,full_k,14
uniform_random,512,no_disease_to_disease,no_valid_cfe,77
uniform_random,512,no_disease_to_disease,partial_lt_k,9
uniform_random,1024,disease_to_no_disease,full_k,57
uniform_random,1024,disease_to_no_disease,no_valid_cfe,21
uniform_random,1024,disease_to_no_disease,partial_lt_k,22
uniform_random,1024,no_disease_to_disease,full_k,17
uniform_random,1024,no_disease_to_disease,no_valid_cfe,58
uniform_random,1024,no_disease_to_disease,partial_lt_k,25
wachter_style,128,disease_to_no_disease,no_valid_cfe,94
wachter_style,128,disease_to_no_disease,partial_lt_k,6
wachter_style,128,no_disease_to_disease,no_valid_cfe,97
wachter_style,128,no_disease_to_disease,partial_lt_k,3
wachter_style,256,disease_to_no_disease,no_valid_cfe,75
wachter_style,256,disease_to_no_disease,partial_lt_k,25
wachter_style,256,no_disease_to_disease,no_valid_cfe,90
wachter_style,256,no_disease_to_disease,partial_lt_k,10
wachter_style,512,disease_to_no_disease,full_k,3
wachter_style,512,disease_to_no_disease,no_valid_cfe,21
wachter_style,512,disease_to_no_disease,partial_lt_k,76
wachter_style,512,no_disease_to_disease,no_valid_cfe,69
wachter_style,512,no_disease_to_disease,partial_lt_k,31
wachter_style,1024,disease_to_no_disease,full_k,3
wachter_style,1024,disease_to_no_disease,no_valid_cfe,18
wachter_style,1024,disease_to_no_disease,partial_lt_k,79
wachter_style,1024,no_disease_to_disease,no_valid_cfe,39
wachter_style,1024,no_disease_to_disease,partial_lt_k,61
