method,method_seed,candidate_budget,direction,valid_cfe_yield_at_k,coverage_at_1,full_k_success,robust_completeness_at_k,robust_full_k_success,proximity,sparsity,diversity,plausibility,generation_time_to_k_or_cap_seconds,candidate_evaluations
countergan_one_shot,11,128,disease_to_no_disease,0.105,0.83,0.0,0.105,0.0,0.17160289846809515,0.34526996876394467,0.005573242812989706,0.38987742291725325,0.00940863961006471,128.0
countergan_one_shot,11,128,no_disease_to_disease,0.20800000000000002,0.7,0.0,0.205,0.0,0.13921042292245797,0.386130007558579,0.04325141901416438,0.38493917275569806,0.008904556059997048,128.0
countergan_one_shot,11,256,disease_to_no_disease,0.10800000000000001,0.83,0.0,0.10800000000000001,0.0,0.17094518262219716,0.34718238031491044,0.006019994616508484,0.3880486520669277,0.012398579500004416,256.0
countergan_one_shot,11,256,no_disease_to_disease,0.22399999999999998,0.7,0.0,0.221,0.0,0.1380676939019135,0.3890854119425548,0.043019836954772475,0.3845382381439751,0.011159973010016984,256.0
countergan_one_shot,11,512,disease_to_no_disease,0.12300000000000001,0.84,0.0,0.12300000000000001,0.0,0.17068490026784794,0.34700176366843033,0.007802428522457679,0.3883432908261528,0.018115440270030377,512.0
countergan_one_shot,11,512,no_disease_to_disease,0.247,0.7,0.01,0.243,0.01,0.1380223283810275,0.39612244897959187,0.043708700500428674,0.3834713985992525,0.01622620619998088,512.0
countergan_one_shot,11,1024,disease_to_no_disease,0.137,0.84,0.0,0.137,0.0,0.16913127318202031,0.34861845972957084,0.01143250394878643,0.3885284349621607,0.029687495859980116,1024.0
countergan_one_shot,11,1024,no_disease_to_disease,0.274,0.7,0.01,0.267,0.0,0.13890292229396956,0.39191484001007815,0.04568346491349595,0.3845659109312797,0.025646413599934022,1024.0
countergan_sparse_diverse_no_dp,11,128,disease_to_no_disease,0.44299999999999995,0.83,0.05,0.442,0.05,0.1459087139242385,0.45364155032829734,0.05450881957020386,0.37878800391795586,0.0179625835099705,128.0
countergan_sparse_diverse_no_dp,11,128,no_disease_to_disease,0.449,0.7,0.21,0.447,0.2,0.12300252366278852,0.48204396573444197,0.05393730229032891,0.37493011139457216,0.018829729320059413,128.0
countergan_sparse_diverse_no_dp,11,256,disease_to_no_disease,0.8220000000000001,0.92,0.73,0.812,0.67,0.1249008626555619,0.518669963959819,0.07107644645578187,0.37182353037155397,0.04810128476006867,256.0
countergan_sparse_diverse_no_dp,11,256,no_disease_to_disease,0.574,0.71,0.43,0.556,0.31,0.10932511148948065,0.5642441066149987,0.05614353325480307,0.35822941490550453,0.045701747670045735,256.0
countergan_sparse_diverse_no_dp,11,512,disease_to_no_disease,0.885,0.93,0.85,0.863,0.71,0.10808685854558021,0.6169719899110581,0.07330430651544242,0.34946268214146214,0.1208661803200539,512.0
countergan_sparse_diverse_no_dp,11,512,no_disease_to_disease,0.629,0.73,0.58,0.608,0.43,0.10432942890345234,0.6144959049068639,0.05694149704075942,0.347099646849365,0.10687637254999573,512.0
countergan_sparse_diverse_no_dp,11,1024,disease_to_no_disease,0.914,0.94,0.89,0.8859999999999999,0.69,0.1041166614741087,0.6359900934369019,0.07554027667031327,0.3487418376848787,0.2734716761800246,1024.0
countergan_sparse_diverse_no_dp,11,1024,no_disease_to_disease,0.6609999999999999,0.76,0.61,0.631,0.41,0.10552216183982398,0.6119639376218323,0.05644077293292962,0.34683684762367284,0.23842144441004165,1024.0
dice_gradient_style,11,128,disease_to_no_disease,0.006000000000000001,0.06,0.0,0.006000000000000001,0.0,0.019586177698026102,0.7222222222222223,0.0,0.20899571030077854,0.020511078859999542,128.0
dice_gradient_style,11,128,no_disease_to_disease,0.0030000000000000005,0.03,0.0,0.0030000000000000005,0.0,0.012789015347758928,0.7407407407407408,0.0,0.24786887442799158,0.020188862149980197,128.0
dice_gradient_style,11,256,disease_to_no_disease,0.026000000000000002,0.25,0.0,0.026000000000000002,0.0,0.025535862892866135,0.6488888888888888,0.001826975643634796,0.2546545718852082,0.03642130957994596,256.0
dice_gradient_style,11,256,no_disease_to_disease,0.013000000000000001,0.1,0.0,0.013000000000000001,0.0,0.02234941478818655,0.6277777777777779,0.006616684235632419,0.2890517633464513,0.03641119444000651,256.0
dice_gradient_style,11,512,disease_to_no_disease,0.298,0.79,0.03,0.29600000000000004,0.03,0.0856531500061856,0.48053546313039985,0.04915475953794733,0.3368621997030546,0.06752446097994834,512.0
dice_gradient_style,11,512,no_disease_to_disease,0.09700000000000002,0.31,0.0,0.09700000000000002,0.0,0.08657665694913556,0.44371906468680666,0.043687159195542336,0.34406652845916275,0.06763272855995638,512.0
dice_gradient_style,11,1024,disease_to_no_disease,0.32799999999999996,0.83,0.03,0.32799999999999996,0.03,0.0923857271042933,0.49383459764985876,0.0545703457242035,0.36067284866104277,0.13076307949008878,1024.0
dice_gradient_style,11,1024,no_disease_to_disease,0.187,0.61,0.0,0.18600000000000003,0.0,0.10846856834947086,0.4520730332205742,0.04924564643717203,0.3793492888633633,0.13076029511001253,1024.0
genetic_cfe,11,128,disease_to_no_disease,0.06,0.3,0.0,0.057,0.0,0.026080226215223472,0.6956172839506174,0.016192415046195188,0.27920615136471094,0.00666481000004751,128.0
genetic_cfe,11,128,no_disease_to_disease,0.035,0.13,0.0,0.03,0.0,0.031883552527198426,0.6564102564102564,0.027133445327098552,0.3035294559513384,0.006509889039953123,128.0
genetic_cfe,11,256,disease_to_no_disease,0.134,0.42,0.01,0.127,0.01,0.03487341190200476,0.6515526581002772,0.025727420956605955,0.3105753613029813,0.013260272960033036,256.0
genetic_cfe,11,256,no_disease_to_disease,0.046,0.14,0.0,0.044000000000000004,0.0,0.03053085133433342,0.6775510204081633,0.031244610835398947,0.28914571941563944,0.012854235020095075,256.0
genetic_cfe,11,512,disease_to_no_disease,0.312,0.67,0.03,0.293,0.02,0.04233889698759833,0.645309826528732,0.028578089897645945,0.32470937659680554,0.027287967629990816,512.0
genetic_cfe,11,512,no_disease_to_disease,0.124,0.24,0.05,0.11599999999999999,0.02,0.04433520487509668,0.644457304526749,0.027585868801300723,0.33937148237876236,0.025829068469975028,512.0
genetic_cfe,11,1024,disease_to_no_disease,0.534,0.73,0.3,0.49,0.15,0.04551688762866471,0.680658838878017,0.031292144158115126,0.32500633745386226,0.05896970499999952,1024.0
genetic_cfe,11,1024,no_disease_to_disease,0.261,0.48,0.12,0.24,0.06,0.059207153196136154,0.6272045855379189,0.026135379933596898,0.34459008789247164,0.05326624194999567,1024.0
proposed_countergan,11,128,disease_to_no_disease,0.105,0.83,0.0,0.105,0.0,0.17160289846809515,0.34526996876394467,0.005573242812989706,0.38987742291725325,0.009330591030075084,128.0
proposed_countergan,11,128,no_disease_to_disease,0.20800000000000002,0.7,0.0,0.205,0.0,0.13921042292245797,0.386130007558579,0.04325141901416438,0.38493917275569806,0.009037671670002965,128.0
proposed_countergan,11,256,disease_to_no_disease,0.48100000000000004,0.91,0.03,0.47700000000000004,0.03,0.17488233098289468,0.2996002674574103,0.034505613127743806,0.38274168085099514,0.019143601899986606,256.0
proposed_countergan,11,256,no_disease_to_disease,0.396,0.72,0.08,0.391,0.06,0.13926402241405514,0.3833327209484617,0.045039740598036185,0.3857184845250672,0.017567844089962818,256.0
proposed_countergan,11,512,disease_to_no_disease,0.809,0.94,0.6,0.804,0.6,0.17357798364568264,0.29891553153964506,0.03938550422800348,0.37729131387093523,0.03493608664003659,474.88
proposed_countergan,11,512,no_disease_to_disease,0.574,0.74,0.41,0.564,0.37,0.14085169750693682,0.3752699127699128,0.047570192280250626,0.38865294231163144,0.0316914242600069,468.48
proposed_countergan,11,1024,disease_to_no_disease,0.894,0.96,0.84,0.887,0.82,0.17583996530932686,0.2960133744855967,0.04062950372463092,0.3817023682864136,0.04686497996000071,608.0
proposed_countergan,11,1024,no_disease_to_disease,0.627,0.77,0.51,0.621,0.51,0.14420781487768347,0.3683833802881422,0.04772747266892489,0.39298017240221944,0.04903706910002256,742.4
proposed_dp_eps16_sparse_diverse,11,128,disease_to_no_disease,0.532,0.87,0.23,0.526,0.21,0.13009690525459833,0.4832319730787164,0.05800137837984781,0.32621513752067083,0.01942211688999123,128.0
proposed_dp_eps16_sparse_diverse,11,128,no_disease_to_disease,0.1,0.25,0.02,0.095,0.01,0.10395112365484238,0.4938483245149912,0.03763056099414826,0.32943146545018115,0.015434954510001262,128.0
proposed_dp_eps16_sparse_diverse,11,256,disease_to_no_disease,0.8270000000000001,0.91,0.73,0.82,0.7,0.11774254385586623,0.545587921778398,0.07088840077375318,0.34361618046525433,0.049567213670025013,256.0
proposed_dp_eps16_sparse_diverse,11,256,no_disease_to_disease,0.253,0.36,0.18,0.245,0.13,0.09545683477901751,0.5748273074661964,0.05130488963590728,0.34391037294060933,0.03318412170006923,256.0
proposed_dp_eps16_sparse_diverse,11,512,disease_to_no_disease,0.883,0.93,0.84,0.853,0.67,0.10497768619848837,0.6256618497657924,0.0706327716589615,0.33681712857831286,0.12283612761993026,512.0
proposed_dp_eps16_sparse_diverse,11,512,no_disease_to_disease,0.414,0.51,0.35,0.39799999999999996,0.24,0.08755801537749815,0.636225230833074,0.052657225662294554,0.32816074949121815,0.07883488776997183,512.0
proposed_dp_eps16_sparse_diverse,11,1024,disease_to_no_disease,0.9079999999999999,0.93,0.9,0.8759999999999999,0.66,0.10123823370824578,0.6461569095977698,0.07494516338231744,0.3387150027546369,0.27467458745996737,1024.0
proposed_dp_eps16_sparse_diverse,11,1024,no_disease_to_disease,0.551,0.68,0.47,0.53,0.35,0.09304099529981613,0.6382242711899575,0.048045570236247254,0.3360331903481634,0.18357567077999193,1024.0
proposed_dp_eps2_sparse_diverse,11,128,disease_to_no_disease,0.652,0.87,0.43,0.647,0.41,0.1106998276436466,0.5440628230858116,0.06250999437580848,0.32962815866323025,0.023198474980017637,128.0
proposed_dp_eps2_sparse_diverse,11,128,no_disease_to_disease,0.214,0.43,0.07,0.20900000000000002,0.07,0.10403878735594971,0.538151634469464,0.048014195982453434,0.31223695061103524,0.01691206672005137,128.0
proposed_dp_eps2_sparse_diverse,11,256,disease_to_no_disease,0.8240000000000001,0.89,0.77,0.807,0.69,0.10217804913775305,0.6035065295364921,0.06745868247379078,0.33529911856319744,0.055869081199989526,256.0
proposed_dp_eps2_sparse_diverse,11,256,no_disease_to_disease,0.384,0.59,0.25,0.374,0.2,0.09855882015268681,0.5918505066810152,0.04895164183009479,0.3011815073650587,0.03811134087997743,256.0
proposed_dp_eps2_sparse_diverse,11,512,disease_to_no_disease,0.879,0.91,0.85,0.848,0.65,0.09526178375869007,0.6527947361280695,0.07026895839761901,0.3389759200965625,0.12916548387998772,512.0
proposed_dp_eps2_sparse_diverse,11,512,no_disease_to_disease,0.545,0.65,0.42,0.524,0.31,0.09590227798773693,0.6306389906389906,0.05180151201784611,0.32361553970766793,0.09155495153006996,512.0
proposed_dp_eps2_sparse_diverse,11,1024,disease_to_no_disease,0.904,0.94,0.88,0.8759999999999999,0.68,0.09697629701583943,0.651446583361477,0.070213010633721,0.34299784985590986,0.27850837477001733,1024.0
proposed_dp_eps2_sparse_diverse,11,1024,no_disease_to_disease,0.606,0.7,0.53,0.579,0.39,0.0940220625272819,0.6399263038548753,0.050266505827728125,0.33217558241979256,0.20272280405999482,1024.0
proposed_dp_eps4_sparse_diverse,11,128,disease_to_no_disease,0.578,0.87,0.33,0.5710000000000001,0.3,0.11827366961829963,0.5261068539804172,0.061050410435973916,0.3193300687730541,0.02047665501998381,128.0
proposed_dp_eps4_sparse_diverse,11,128,no_disease_to_disease,0.147,0.32,0.04,0.141,0.04,0.09153165665338747,0.559886188271605,0.04115626437123865,0.3239183042655508,0.015892578030043295,128.0
proposed_dp_eps4_sparse_diverse,11,256,disease_to_no_disease,0.84,0.91,0.76,0.8220000000000001,0.64,0.10816061206080102,0.5798394286489524,0.07034078838078531,0.3366787670771456,0.052188743759988936,256.0
proposed_dp_eps4_sparse_diverse,11,256,no_disease_to_disease,0.261,0.4,0.15,0.25,0.13,0.08924790676683188,0.6091512345679013,0.04916598410345614,0.32002433177399553,0.035028670749943557,256.0
proposed_dp_eps4_sparse_diverse,11,512,disease_to_no_disease,0.8690000000000001,0.91,0.84,0.8370000000000001,0.62,0.09971299227122422,0.6411545244878579,0.07149201580374451,0.3364966941683046,0.12449873142006254,512.0
proposed_dp_eps4_sparse_diverse,11,512,no_disease_to_disease,0.41100000000000003,0.5,0.34,0.397,0.25,0.08427047483623028,0.6473518518518518,0.05017305824905634,0.3210015894737735,0.08092144828001438,512.0
proposed_dp_eps4_sparse_diverse,11,1024,disease_to_no_disease,0.907,0.94,0.88,0.872,0.61,0.0988068385644162,0.6472156553716838,0.0730112377910855,0.3398720767567516,0.27655409445998885,1024.0
proposed_dp_eps4_sparse_diverse,11,1024,no_disease_to_disease,0.546,0.7,0.47,0.517,0.31,0.09283641140375819,0.6390388007054674,0.0477719923281776,0.3324315610233261,0.1871186303599734,1024.0
proposed_dp_eps8_sparse_diverse,11,128,disease_to_no_disease,0.584,0.85,0.3,0.579,0.29,0.1270953311201404,0.48573295985060694,0.05893155901747591,0.32702320989128486,0.019509460670005866,128.0
proposed_dp_eps8_sparse_diverse,11,128,no_disease_to_disease,0.13,0.33,0.03,0.128,0.03,0.10035525115601944,0.5439955106621773,0.0442419152029536,0.3071473153266947,0.015000756450072004,128.0
proposed_dp_eps8_sparse_diverse,11,256,disease_to_no_disease,0.83,0.91,0.76,0.815,0.68,0.11529343996892918,0.5475105141771809,0.07047605537041858,0.3441061488909835,0.05094744550999167,256.0
proposed_dp_eps8_sparse_diverse,11,256,no_disease_to_disease,0.309,0.48,0.22,0.301,0.17,0.10005560835512976,0.5722203850676073,0.043411778596540294,0.30489750300847857,0.03440717058005248,256.0
proposed_dp_eps8_sparse_diverse,11,512,disease_to_no_disease,0.8740000000000001,0.92,0.84,0.845,0.62,0.10220100127322518,0.6334943639291466,0.07225660478655735,0.34194335997712083,0.1249609056900681,512.0
proposed_dp_eps8_sparse_diverse,11,512,no_disease_to_disease,0.489,0.61,0.4,0.47200000000000003,0.3,0.09027914519681306,0.6350398993841617,0.04681598424117585,0.3132323121773469,0.08081631309999465,512.0
proposed_dp_eps8_sparse_diverse,11,1024,disease_to_no_disease,0.912,0.93,0.89,0.878,0.63,0.1019015677113046,0.6419952210274792,0.07347896244497068,0.340879260728038,0.2776536940399819,1024.0
proposed_dp_eps8_sparse_diverse,11,1024,no_disease_to_disease,0.586,0.68,0.49,0.5529999999999999,0.36,0.08952206422520034,0.650263253449528,0.050141397644491756,0.33103417188708884,0.18827142220994575,1024.0
uniform_random,11,128,disease_to_no_disease,0.06,0.3,0.0,0.057,0.0,0.026080226215223472,0.6956172839506174,0.016192415046195188,0.27920615136471094,0.006646717819949117,128.0
uniform_random,11,128,no_disease_to_disease,0.035,0.13,0.0,0.03,0.0,0.031883552527198426,0.6564102564102564,0.027133445327098552,0.3035294559513384,0.006595465270020213,128.0
uniform_random,11,256,disease_to_no_disease,0.20199999999999999,0.44,0.04,0.192,0.02,0.04179561747746034,0.617965367965368,0.03362812283872203,0.3221229382665578,0.012950617480028086,256.0
uniform_random,11,256,no_disease_to_disease,0.081,0.16,0.01,0.077,0.01,0.03822365461383015,0.6209463183421517,0.036307980422861874,0.3085899902106939,0.012659404570003972,256.0
uniform_random,11,512,disease_to_no_disease,0.43200000000000005,0.66,0.3,0.41,0.21,0.0544133060470675,0.5875681417348084,0.043769551384629624,0.33979061464996624,0.025925031219985614,512.0
uniform_random,11,512,no_disease_to_disease,0.155,0.23,0.14,0.15,0.1,0.04811666541449402,0.6115942028985508,0.032618916633984314,0.32730195322746114,0.025021682280021197,512.0
uniform_random,11,1024,disease_to_no_disease,0.6759999999999999,0.79,0.57,0.639,0.34,0.06153944721799108,0.5945052798428326,0.05647024868315534,0.35734333080065145,0.056211490909963684,1024.0
uniform_random,11,1024,no_disease_to_disease,0.254,0.42,0.17,0.248,0.15,0.07291297676662604,0.55054379776602,0.046145103073545864,0.36632961749498183,0.05007783712002492,1024.0
wachter_style,11,128,disease_to_no_disease,0.006000000000000001,0.06,0.0,0.006000000000000001,0.0,0.019586515923341114,0.7222222222222223,0.0,0.20899726053997872,0.018235655530043006,128.0
wachter_style,11,128,no_disease_to_disease,0.0030000000000000005,0.03,0.0,0.0030000000000000005,0.0,0.012663550054033598,0.7777777777777778,0.0,0.24772652750410384,0.018130655739978466,128.0
wachter_style,11,256,disease_to_no_disease,0.026000000000000002,0.25,0.0,0.026000000000000002,0.0,0.025755711905658243,0.64,0.001835751086473465,0.2516579525927345,0.03207740046998879,256.0
wachter_style,11,256,no_disease_to_disease,0.013000000000000001,0.1,0.0,0.013000000000000001,0.0,0.02237670896574855,0.6277777777777779,0.0065999127924442295,0.28912106413435545,0.03197771059000843,256.0
wachter_style,11,512,disease_to_no_disease,0.28900000000000003,0.79,0.03,0.287,0.03,0.084981117704058,0.482936507936508,0.047897856210983254,0.3362542997276314,0.05892738213001394,512.0
wachter_style,11,512,no_disease_to_disease,0.09300000000000001,0.31,0.0,0.09300000000000001,0.0,0.08489846342032956,0.4453618364908688,0.04058806478015838,0.3443895356965095,0.05937379686002714,512.0
wachter_style,11,1024,disease_to_no_disease,0.318,0.82,0.03,0.318,0.03,0.09160514153176691,0.4952854131715921,0.05410864890166899,0.3611857662353757,0.11198890419994313,1024.0
wachter_style,11,1024,no_disease_to_disease,0.17800000000000002,0.61,0.0,0.17600000000000002,0.0,0.1072942381877391,0.45255009107468125,0.04658378880532062,0.37870646874692077,0.11286822125000981,1024.0
